backend,batch_size,input_size,kernel_size,input_channels,output_channels,stride,padding,dilation,total_us
conv2d_block_rsck,16,32,1,1,1,1,0,1,56
conv2d_block_rsck,16,32,1,1,1,2,0,1,33
conv2d_block_rsck,16,32,1,1,1,4,0,1,24
conv2d_block_rsck,16,32,1,1,16,1,0,1,95
conv2d_block_rsck,16,32,1,1,16,2,0,1,39
conv2d_block_rsck,16,32,1,1,16,4,0,1,26
conv2d_block_rsck,16,32,1,1,64,1,0,1,399
conv2d_block_rsck,16,32,1,1,64,2,0,1,89
conv2d_block_rsck,16,32,1,1,64,4,0,1,42
conv2d_block_rsck,16,32,1,16,1,1,0,1,106
conv2d_block_rsck,16,32,1,16,1,2,0,1,66
conv2d_block_rsck,16,32,1,16,1,4,0,1,41
conv2d_block_rsck,16,32,1,16,16,1,0,1,190
conv2d_block_rsck,16,32,1,16,16,2,0,1,85
conv2d_block_rsck,16,32,1,16,16,4,0,1,48
conv2d_block_rsck,16,32,1,16,64,1,0,1,679
conv2d_block_rsck,16,32,1,16,64,2,0,1,195
conv2d_block_rsck,16,32,1,16,64,4,0,1,84
conv2d_block_rsck,16,32,1,64,1,1,0,1,215
conv2d_block_rsck,16,32,1,64,1,2,0,1,97
conv2d_block_rsck,16,32,1,64,1,4,0,1,54
conv2d_block_rsck,16,32,1,64,16,1,0,1,373
conv2d_block_rsck,16,32,1,64,16,2,0,1,134
conv2d_block_rsck,16,32,1,64,16,4,0,1,68
conv2d_block_rsck,16,32,1,64,64,1,0,1,1443
conv2d_block_rsck,16,32,1,64,64,2,0,1,356
conv2d_block_rsck,16,32,1,64,64,4,0,1,159
conv2d_block_rsck,16,32,3,1,1,1,0,1,85
conv2d_block_rsck,16,32,3,1,1,1,1,1,99
conv2d_block_rsck,16,32,3,1,1,1,2,1,101
conv2d_block_rsck,16,32,3,1,1,2,0,1,37
conv2d_block_rsck,16,32,3,1,1,2,1,1,44
conv2d_block_rsck,16,32,3,1,1,2,2,1,46
conv2d_block_rsck,16,32,3,1,1,4,0,1,27
conv2d_block_rsck,16,32,3,1,1,4,1,1,23
conv2d_block_rsck,16,32,3,1,1,4,2,1,23
conv2d_block_rsck,16,32,3,1,16,1,0,1,154
conv2d_block_rsck,16,32,3,1,16,1,1,1,183
conv2d_block_rsck,16,32,3,1,16,1,2,1,187
conv2d_block_rsck,16,32,3,1,16,2,0,1,62
conv2d_block_rsck,16,32,3,1,16,2,1,1,70
conv2d_block_rsck,16,32,3,1,16,2,2,1,70
conv2d_block_rsck,16,32,3,1,16,4,0,1,31
conv2d_block_rsck,16,32,3,1,16,4,1,1,29
conv2d_block_rsck,16,32,3,1,16,4,2,1,34
conv2d_block_rsck,16,32,3,1,64,1,0,1,599
conv2d_block_rsck,16,32,3,1,64,1,1,1,607
conv2d_block_rsck,16,32,3,1,64,1,2,1,647
conv2d_block_rsck,16,32,3,1,64,2,0,1,160
conv2d_block_rsck,16,32,3,1,64,2,1,1,181
conv2d_block_rsck,16,32,3,1,64,2,2,1,194
conv2d_block_rsck,16,32,3,1,64,4,0,1,76
conv2d_block_rsck,16,32,3,1,64,4,1,1,61
conv2d_block_rsck,16,32,3,1,64,4,2,1,76
conv2d_block_rsck,16,32,3,16,1,1,0,1,341
conv2d_block_rsck,16,32,3,16,1,1,1,1,401
conv2d_block_rsck,16,32,3,16,1,1,2,1,414
conv2d_block_rsck,16,32,3,16,1,2,0,1,122
conv2d_block_rsck,16,32,3,16,1,2,1,1,130
conv2d_block_rsck,16,32,3,16,1,2,2,1,155
conv2d_block_rsck,16,32,3,16,1,4,0,1,80
conv2d_block_rsck,16,32,3,16,1,4,1,1,72
conv2d_block_rsck,16,32,3,16,1,4,2,1,77
conv2d_block_rsck,16,32,3,16,16,1,0,1,632
conv2d_block_rsck,16,32,3,16,16,1,1,1,778
conv2d_block_rsck,16,32,3,16,16,1,2,1,822
conv2d_block_rsck,16,32,3,16,16,2,0,1,212
conv2d_block_rsck,16,32,3,16,16,2,1,1,255
conv2d_block_rsck,16,32,3,16,16,2,2,1,244
conv2d_block_rsck,16,32,3,16,16,4,0,1,111
conv2d_block_rsck,16,32,3,16,16,4,1,1,105
conv2d_block_rsck,16,32,3,16,16,4,2,1,123
conv2d_block_rsck,16,32,3,16,64,1,0,1,2419
conv2d_block_rsck,16,32,3,16,64,1,1,1,3031
conv2d_block_rsck,16,32,3,16,64,1,2,1,3158
conv2d_block_rsck,16,32,3,16,64,2,0,1,711
conv2d_block_rsck,16,32,3,16,64,2,1,1,817
conv2d_block_rsck,16,32,3,16,64,2,2,1,776
conv2d_block_rsck,16,32,3,16,64,4,0,1,315
conv2d_block_rsck,16,32,3,16,64,4,1,1,296
conv2d_block_rsck,16,32,3,16,64,4,2,1,319
conv2d_block_rsck,16,32,3,64,1,1,0,1,918
conv2d_block_rsck,16,32,3,64,1,1,1,1,1218
conv2d_block_rsck,16,32,3,64,1,1,2,1,1283
conv2d_block_rsck,16,32,3,64,1,2,0,1,345
conv2d_block_rsck,16,32,3,64,1,2,1,1,383
conv2d_block_rsck,16,32,3,64,1,2,2,1,386
conv2d_block_rsck,16,32,3,64,1,4,0,1,156
conv2d_block_rsck,16,32,3,64,1,4,1,1,149
conv2d_block_rsck,16,32,3,64,1,4,2,1,150
conv2d_block_rsck,16,32,3,64,16,1,0,1,2061
conv2d_block_rsck,16,32,3,64,16,1,1,1,2726
conv2d_block_rsck,16,32,3,64,16,1,2,1,2789
conv2d_block_rsck,16,32,3,64,16,2,0,1,692
conv2d_block_rsck,16,32,3,64,16,2,1,1,711
conv2d_block_rsck,16,32,3,64,16,2,2,1,702
conv2d_block_rsck,16,32,3,64,16,4,0,1,300
conv2d_block_rsck,16,32,3,64,16,4,1,1,275
conv2d_block_rsck,16,32,3,64,16,4,2,1,296
conv2d_block_rsck,16,32,3,64,64,1,0,1,8425
conv2d_block_rsck,16,32,3,64,64,1,1,1,10619
conv2d_block_rsck,16,32,3,64,64,1,2,1,12810
conv2d_block_rsck,16,32,3,64,64,2,0,1,2496
conv2d_block_rsck,16,32,3,64,64,2,1,1,2709
conv2d_block_rsck,16,32,3,64,64,2,2,1,2733
conv2d_block_rsck,16,32,3,64,64,4,0,1,1002
conv2d_block_rsck,16,32,3,64,64,4,1,1,908
conv2d_block_rsck,16,32,3,64,64,4,2,1,942
conv2d_block_rsck,16,32,5,1,1,1,0,1,122
conv2d_block_rsck,16,32,5,1,1,1,1,1,148
conv2d_block_rsck,16,32,5,1,1,1,2,1,178
conv2d_block_rsck,16,32,5,1,1,2,0,1,62
conv2d_block_rsck,16,32,5,1,1,2,1,1,77
conv2d_block_rsck,16,32,5,1,1,2,2,1,68
conv2d_block_rsck,16,32,5,1,1,4,0,1,29
conv2d_block_rsck,16,32,5,1,1,4,1,1,31
conv2d_block_rsck,16,32,5,1,1,4,2,1,31
conv2d_block_rsck,16,32,5,1,16,1,0,1,254
conv2d_block_rsck,16,32,5,1,16,1,1,1,263
conv2d_block_rsck,16,32,5,1,16,1,2,1,330
conv2d_block_rsck,16,32,5,1,16,2,0,1,106
conv2d_block_rsck,16,32,5,1,16,2,1,1,96
conv2d_block_rsck,16,32,5,1,16,2,2,1,110
conv2d_block_rsck,16,32,5,1,16,4,0,1,41
conv2d_block_rsck,16,32,5,1,16,4,1,1,47
conv2d_block_rsck,16,32,5,1,16,4,2,1,48
conv2d_block_rsck,16,32,5,1,64,1,0,1,922
conv2d_block_rsck,16,32,5,1,64,1,1,1,976
conv2d_block_rsck,16,32,5,1,64,1,2,1,1235
conv2d_block_rsck,16,32,5,1,64,2,0,1,237
conv2d_block_rsck,16,32,5,1,64,2,1,1,280
conv2d_block_rsck,16,32,5,1,64,2,2,1,283
conv2d_block_rsck,16,32,5,1,64,4,0,1,94
conv2d_block_rsck,16,32,5,1,64,4,1,1,113
conv2d_block_rsck,16,32,5,1,64,4,2,1,113
conv2d_block_rsck,16,32,5,16,1,1,0,1,732
conv2d_block_rsck,16,32,5,16,1,1,1,1,751
conv2d_block_rsck,16,32,5,16,1,1,2,1,911
conv2d_block_rsck,16,32,5,16,1,2,0,1,254
conv2d_block_rsck,16,32,5,16,1,2,1,1,263
conv2d_block_rsck,16,32,5,16,1,2,2,1,280
conv2d_block_rsck,16,32,5,16,1,4,0,1,104
conv2d_block_rsck,16,32,5,16,1,4,1,1,115
conv2d_block_rsck,16,32,5,16,1,4,2,1,124
conv2d_block_rsck,16,32,5,16,16,1,0,1,1434
conv2d_block_rsck,16,32,5,16,16,1,1,1,1654
conv2d_block_rsck,16,32,5,16,16,1,2,1,1940
conv2d_block_rsck,16,32,5,16,16,2,0,1,427
conv2d_block_rsck,16,32,5,16,16,2,1,1,530
conv2d_block_rsck,16,32,5,16,16,2,2,1,557
conv2d_block_rsck,16,32,5,16,16,4,0,1,202
conv2d_block_rsck,16,32,5,16,16,4,1,1,222
conv2d_block_rsck,16,32,5,16,16,4,2,1,213
conv2d_block_rsck,16,32,5,16,64,1,0,1,5615
conv2d_block_rsck,16,32,5,16,64,1,1,1,6434
conv2d_block_rsck,16,32,5,16,64,1,2,1,7593
conv2d_block_rsck,16,32,5,16,64,2,0,1,1687
conv2d_block_rsck,16,32,5,16,64,2,1,1,1857
conv2d_block_rsck,16,32,5,16,64,2,2,1,1954
conv2d_block_rsck,16,32,5,16,64,4,0,1,620
conv2d_block_rsck,16,32,5,16,64,4,1,1,697
conv2d_block_rsck,16,32,5,16,64,4,2,1,694
conv2d_block_rsck,16,32,5,64,1,1,0,1,2289
conv2d_block_rsck,16,32,5,64,1,1,1,1,2516
conv2d_block_rsck,16,32,5,64,1,1,2,1,2957
conv2d_block_rsck,16,32,5,64,1,2,0,1,800
conv2d_block_rsck,16,32,5,64,1,2,1,1,817
conv2d_block_rsck,16,32,5,64,1,2,2,1,865
conv2d_block_rsck,16,32,5,64,1,4,0,1,298
conv2d_block_rsck,16,32,5,64,1,4,1,1,329
conv2d_block_rsck,16,32,5,64,1,4,2,1,321
conv2d_block_rsck,16,32,5,64,16,1,0,1,5204
conv2d_block_rsck,16,32,5,64,16,1,1,1,5884
conv2d_block_rsck,16,32,5,64,16,1,2,1,6966
conv2d_block_rsck,16,32,5,64,16,2,0,1,1588
conv2d_block_rsck,16,32,5,64,16,2,1,1,1745
conv2d_block_rsck,16,32,5,64,16,2,2,1,1845
conv2d_block_rsck,16,32,5,64,16,4,0,1,593
conv2d_block_rsck,16,32,5,64,16,4,1,1,645
conv2d_block_rsck,16,32,5,64,16,4,2,1,645
conv2d_block_rsck,16,32,5,64,64,1,0,1,20237
conv2d_block_rsck,16,32,5,64,64,1,1,1,23078
conv2d_block_rsck,16,32,5,64,64,1,2,1,26657
conv2d_block_rsck,16,32,5,64,64,2,0,1,6121
conv2d_block_rsck,16,32,5,64,64,2,1,1,6678
conv2d_block_rsck,16,32,5,64,64,2,2,1,6946
conv2d_block_rsck,16,32,5,64,64,4,0,1,2071
conv2d_block_rsck,16,32,5,64,64,4,1,1,2320
conv2d_block_rsck,16,32,5,64,64,4,2,1,2283
conv2d_block_rsck,16,64,1,1,1,1,0,1,142
conv2d_block_rsck,16,64,1,1,1,2,0,1,53
conv2d_block_rsck,16,64,1,1,1,4,0,1,30
conv2d_block_rsck,16,64,1,1,16,1,0,1,359
conv2d_block_rsck,16,64,1,1,16,2,0,1,94
conv2d_block_rsck,16,64,1,1,16,4,0,1,41
conv2d_block_rsck,16,64,1,1,64,1,0,1,1239
conv2d_block_rsck,16,64,1,1,64,2,0,1,348
conv2d_block_rsck,16,64,1,1,64,4,0,1,99
conv2d_block_rsck,16,64,1,16,1,1,0,1,284
conv2d_block_rsck,16,64,1,16,1,2,0,1,116
conv2d_block_rsck,16,64,1,16,1,4,0,1,72
conv2d_block_rsck,16,64,1,16,16,1,0,1,604
conv2d_block_rsck,16,64,1,16,16,2,0,1,195
conv2d_block_rsck,16,64,1,16,16,4,0,1,81
conv2d_block_rsck,16,64,1,16,64,1,0,1,2178
conv2d_block_rsck,16,64,1,16,64,2,0,1,625
conv2d_block_rsck,16,64,1,16,64,4,0,1,217
conv2d_block_rsck,16,64,1,64,1,1,0,1,642
conv2d_block_rsck,16,64,1,64,1,2,0,1,262
conv2d_block_rsck,16,64,1,64,1,4,0,1,134
conv2d_block_rsck,16,64,1,64,16,1,0,1,1382
conv2d_block_rsck,16,64,1,64,16,2,0,1,416
conv2d_block_rsck,16,64,1,64,16,4,0,1,185
conv2d_block_rsck,16,64,1,64,64,1,0,1,5136
conv2d_block_rsck,16,64,1,64,64,2,0,1,1436
conv2d_block_rsck,16,64,1,64,64,4,0,1,400
conv2d_block_rsck,16,64,3,1,1,1,0,1,245
conv2d_block_rsck,16,64,3,1,1,1,1,1,269
conv2d_block_rsck,16,64,3,1,1,1,2,1,294
conv2d_block_rsck,16,64,3,1,1,2,0,1,87
conv2d_block_rsck,16,64,3,1,1,2,1,1,90
conv2d_block_rsck,16,64,3,1,1,2,2,1,91
conv2d_block_rsck,16,64,3,1,1,4,0,1,45
conv2d_block_rsck,16,64,3,1,1,4,1,1,44
conv2d_block_rsck,16,64,3,1,1,4,2,1,45
conv2d_block_rsck,16,64,3,1,16,1,0,1,595
conv2d_block_rsck,16,64,3,1,16,1,1,1,619
conv2d_block_rsck,16,64,3,1,16,1,2,1,651
conv2d_block_rsck,16,64,3,1,16,2,0,1,166
conv2d_block_rsck,16,64,3,1,16,2,1,1,179
conv2d_block_rsck,16,64,3,1,16,2,2,1,190
conv2d_block_rsck,16,64,3,1,16,4,0,1,64
conv2d_block_rsck,16,64,3,1,16,4,1,1,69
conv2d_block_rsck,16,64,3,1,16,4,2,1,76
conv2d_block_rsck,16,64,3,1,64,1,0,1,1756
conv2d_block_rsck,16,64,3,1,64,1,1,1,2340
conv2d_block_rsck,16,64,3,1,64,1,2,1,2429
conv2d_block_rsck,16,64,3,1,64,2,0,1,575
conv2d_block_rsck,16,64,3,1,64,2,1,1,619
conv2d_block_rsck,16,64,3,1,64,2,2,1,642
conv2d_block_rsck,16,64,3,1,64,4,0,1,180
conv2d_block_rsck,16,64,3,1,64,4,1,1,187
conv2d_block_rsck,16,64,3,1,64,4,2,1,182
conv2d_block_rsck,16,64,3,16,1,1,0,1,1239
conv2d_block_rsck,16,64,3,16,1,1,1,1,1319
conv2d_block_rsck,16,64,3,16,1,1,2,1,1318
conv2d_block_rsck,16,64,3,16,1,2,0,1,427
conv2d_block_rsck,16,64,3,16,1,2,1,1,436
conv2d_block_rsck,16,64,3,16,1,2,2,1,430
conv2d_block_rsck,16,64,3,16,1,4,0,1,139
conv2d_block_rsck,16,64,3,16,1,4,1,1,146
conv2d_block_rsck,16,64,3,16,1,4,2,1,160
conv2d_block_rsck,16,64,3,16,16,1,0,1,2657
conv2d_block_rsck,16,64,3,16,16,1,1,1,2922
conv2d_block_rsck,16,64,3,16,16,1,2,1,3050
conv2d_block_rsck,16,64,3,16,16,2,0,1,754
conv2d_block_rsck,16,64,3,16,16,2,1,1,820
conv2d_block_rsck,16,64,3,16,16,2,2,1,829
conv2d_block_rsck,16,64,3,16,16,4,0,1,233
conv2d_block_rsck,16,64,3,16,16,4,1,1,255
conv2d_block_rsck,16,64,3,16,16,4,2,1,262
conv2d_block_rsck,16,64,3,16,64,1,0,1,9863
conv2d_block_rsck,16,64,3,16,64,1,1,1,11074
conv2d_block_rsck,16,64,3,16,64,1,2,1,11378
conv2d_block_rsck,16,64,3,16,64,2,0,1,2847
conv2d_block_rsck,16,64,3,16,64,2,1,1,3076
conv2d_block_rsck,16,64,3,16,64,2,2,1,3103
conv2d_block_rsck,16,64,3,16,64,4,0,1,817
conv2d_block_rsck,16,64,3,16,64,4,1,1,813
conv2d_block_rsck,16,64,3,16,64,4,2,1,830
conv2d_block_rsck,16,64,3,64,1,1,0,1,4063
conv2d_block_rsck,16,64,3,64,1,1,1,1,4160
conv2d_block_rsck,16,64,3,64,1,1,2,1,4222
conv2d_block_rsck,16,64,3,64,1,2,0,1,1255
conv2d_block_rsck,16,64,3,64,1,2,1,1,1309
conv2d_block_rsck,16,64,3,64,1,2,2,1,1312
conv2d_block_rsck,16,64,3,64,1,4,0,1,407
conv2d_block_rsck,16,64,3,64,1,4,1,1,412
conv2d_block_rsck,16,64,3,64,1,4,2,1,450
conv2d_block_rsck,16,64,3,64,16,1,0,1,9207
conv2d_block_rsck,16,64,3,64,16,1,1,1,9927
conv2d_block_rsck,16,64,3,64,16,1,2,1,9906
conv2d_block_rsck,16,64,3,64,16,2,0,1,2579
conv2d_block_rsck,16,64,3,64,16,2,1,1,2778
conv2d_block_rsck,16,64,3,64,16,2,2,1,2764
conv2d_block_rsck,16,64,3,64,16,4,0,1,694
conv2d_block_rsck,16,64,3,64,16,4,1,1,754
conv2d_block_rsck,16,64,3,64,16,4,2,1,746
conv2d_block_rsck,16,64,3,64,64,1,0,1,35646
conv2d_block_rsck,16,64,3,64,64,1,1,1,38106
conv2d_block_rsck,16,64,3,64,64,1,2,1,38107
conv2d_block_rsck,16,64,3,64,64,2,0,1,10174
conv2d_block_rsck,16,64,3,64,64,2,1,1,10684
conv2d_block_rsck,16,64,3,64,64,2,2,1,10902
conv2d_block_rsck,16,64,3,64,64,4,0,1,2688
conv2d_block_rsck,16,64,3,64,64,4,1,1,2670
conv2d_block_rsck,16,64,3,64,64,4,2,1,2739
conv2d_block_rsck,16,64,5,1,1,1,0,1,461
conv2d_block_rsck,16,64,5,1,1,1,1,1,505
conv2d_block_rsck,16,64,5,1,1,1,2,1,521
conv2d_block_rsck,16,64,5,1,1,2,0,1,140
conv2d_block_rsck,16,64,5,1,1,2,1,1,134
conv2d_block_rsck,16,64,5,1,1,2,2,1,151
conv2d_block_rsck,16,64,5,1,1,4,0,1,58
conv2d_block_rsck,16,64,5,1,1,4,1,1,71
conv2d_block_rsck,16,64,5,1,1,4,2,1,69
conv2d_block_rsck,16,64,5,1,16,1,0,1,1008
conv2d_block_rsck,16,64,5,1,16,1,1,1,1064
conv2d_block_rsck,16,64,5,1,16,1,2,1,1117
conv2d_block_rsck,16,64,5,1,16,2,0,1,259
conv2d_block_rsck,16,64,5,1,16,2,1,1,304
conv2d_block_rsck,16,64,5,1,16,2,2,1,329
conv2d_block_rsck,16,64,5,1,16,4,0,1,102
conv2d_block_rsck,16,64,5,1,16,4,1,1,112
conv2d_block_rsck,16,64,5,1,16,4,2,1,106
conv2d_block_rsck,16,64,5,1,64,1,0,1,3555
conv2d_block_rsck,16,64,5,1,64,1,1,1,3805
conv2d_block_rsck,16,64,5,1,64,1,2,1,4411
conv2d_block_rsck,16,64,5,1,64,2,0,1,1048
conv2d_block_rsck,16,64,5,1,64,2,1,1,1119
conv2d_block_rsck,16,64,5,1,64,2,2,1,1146
conv2d_block_rsck,16,64,5,1,64,4,0,1,288
conv2d_block_rsck,16,64,5,1,64,4,1,1,302
conv2d_block_rsck,16,64,5,1,64,4,2,1,292
conv2d_block_rsck,16,64,5,16,1,1,0,1,2747
conv2d_block_rsck,16,64,5,16,1,1,1,1,3045
conv2d_block_rsck,16,64,5,16,1,1,2,1,3132
conv2d_block_rsck,16,64,5,16,1,2,0,1,753
conv2d_block_rsck,16,64,5,16,1,2,1,1,932
conv2d_block_rsck,16,64,5,16,1,2,2,1,955
conv2d_block_rsck,16,64,5,16,1,4,0,1,294
conv2d_block_rsck,16,64,5,16,1,4,1,1,300
conv2d_block_rsck,16,64,5,16,1,4,2,1,300
conv2d_block_rsck,16,64,5,16,16,1,0,1,5994
conv2d_block_rsck,16,64,5,16,16,1,1,1,7160
conv2d_block_rsck,16,64,5,16,16,1,2,1,7189
conv2d_block_rsck,16,64,5,16,16,2,0,1,1573
conv2d_block_rsck,16,64,5,16,16,2,1,1,1942
conv2d_block_rsck,16,64,5,16,16,2,2,1,2038
conv2d_block_rsck,16,64,5,16,16,4,0,1,484
conv2d_block_rsck,16,64,5,16,16,4,1,1,575
conv2d_block_rsck,16,64,5,16,16,4,2,1,537
conv2d_block_rsck,16,64,5,16,64,1,0,1,23507
conv2d_block_rsck,16,64,5,16,64,1,1,1,26798
conv2d_block_rsck,16,64,5,16,64,1,2,1,27438
conv2d_block_rsck,16,64,5,16,64,2,0,1,6210
conv2d_block_rsck,16,64,5,16,64,2,1,1,7659
conv2d_block_rsck,16,64,5,16,64,2,2,1,7684
conv2d_block_rsck,16,64,5,16,64,4,0,1,1828
conv2d_block_rsck,16,64,5,16,64,4,1,1,2070
conv2d_block_rsck,16,64,5,16,64,4,2,1,2016
conv2d_block_rsck,16,64,5,64,1,1,0,1,8989
conv2d_block_rsck,16,64,5,64,1,1,1,1,10741
conv2d_block_rsck,16,64,5,64,1,1,2,1,11104
conv2d_block_rsck,16,64,5,64,1,2,0,1,2386
conv2d_block_rsck,16,64,5,64,1,2,1,1,3088
conv2d_block_rsck,16,64,5,64,1,2,2,1,3134
conv2d_block_rsck,16,64,5,64,1,4,0,1,869
conv2d_block_rsck,16,64,5,64,1,4,1,1,927
conv2d_block_rsck,16,64,5,64,1,4,2,1,923
conv2d_block_rsck,16,64,5,64,16,1,0,1,21502
conv2d_block_rsck,16,64,5,64,16,1,1,1,24953
conv2d_block_rsck,16,64,5,64,16,1,2,1,25582
conv2d_block_rsck,16,64,5,64,16,2,0,1,5845
conv2d_block_rsck,16,64,5,64,16,2,1,1,7101
conv2d_block_rsck,16,64,5,64,16,2,2,1,8192
conv2d_block_rsck,16,64,5,64,16,4,0,1,1776
conv2d_block_rsck,16,64,5,64,16,4,1,1,1941
conv2d_block_rsck,16,64,5,64,16,4,2,1,1892
conv2d_block_rsck,16,64,5,64,64,1,0,1,82778
conv2d_block_rsck,16,64,5,64,64,1,1,1,90564
conv2d_block_rsck,16,64,5,64,64,1,2,1,95268
conv2d_block_rsck,16,64,5,64,64,2,0,1,21984
conv2d_block_rsck,16,64,5,64,64,2,1,1,26423
conv2d_block_rsck,16,64,5,64,64,2,2,1,26810
conv2d_block_rsck,16,64,5,64,64,4,0,1,6610
conv2d_block_rsck,16,64,5,64,64,4,1,1,7134
conv2d_block_rsck,16,64,5,64,64,4,2,1,7040
conv2d_block_rsck,16,128,1,1,1,1,0,1,486
conv2d_block_rsck,16,128,1,1,1,2,0,1,154
conv2d_block_rsck,16,128,1,1,1,4,0,1,71
conv2d_block_rsck,16,128,1,1,16,1,0,1,1252
conv2d_block_rsck,16,128,1,1,16,2,0,1,361
conv2d_block_rsck,16,128,1,1,16,4,0,1,114
conv2d_block_rsck,16,128,1,1,64,1,0,1,4574
conv2d_block_rsck,16,128,1,1,64,2,0,1,1264
conv2d_block_rsck,16,128,1,1,64,4,0,1,366
conv2d_block_rsck,16,128,1,16,1,1,0,1,914
conv2d_block_rsck,16,128,1,16,1,2,0,1,309
conv2d_block_rsck,16,128,1,16,1,4,0,1,130
conv2d_block_rsck,16,128,1,16,16,1,0,1,2143
conv2d_block_rsck,16,128,1,16,16,2,0,1,664
conv2d_block_rsck,16,128,1,16,16,4,0,1,222
conv2d_block_rsck,16,128,1,16,64,1,0,1,8138
conv2d_block_rsck,16,128,1,16,64,2,0,1,2189
conv2d_block_rsck,16,128,1,16,64,4,0,1,624
conv2d_block_rsck,16,128,1,64,1,1,0,1,2305
conv2d_block_rsck,16,128,1,64,1,2,0,1,792
conv2d_block_rsck,16,128,1,64,1,4,0,1,279
conv2d_block_rsck,16,128,1,64,16,1,0,1,5073
conv2d_block_rsck,16,128,1,64,16,2,0,1,1434
conv2d_block_rsck,16,128,1,64,16,4,0,1,420
conv2d_block_rsck,16,128,1,64,64,1,0,1,20010
conv2d_block_rsck,16,128,1,64,64,2,0,1,5112
conv2d_block_rsck,16,128,1,64,64,4,0,1,1444
conv2d_block_rsck,16,128,3,1,1,1,0,1,913
conv2d_block_rsck,16,128,3,1,1,1,1,1,954
conv2d_block_rsck,16,128,3,1,1,1,2,1,962
conv2d_block_rsck,16,128,3,1,1,2,0,1,270
conv2d_block_rsck,16,128,3,1,1,2,1,1,279
conv2d_block_rsck,16,128,3,1,1,2,2,1,303
conv2d_block_rsck,16,128,3,1,1,4,0,1,105
conv2d_block_rsck,16,128,3,1,1,4,1,1,103
conv2d_block_rsck,16,128,3,1,1,4,2,1,118
conv2d_block_rsck,16,128,3,1,16,1,0,1,2262
conv2d_block_rsck,16,128,3,1,16,1,1,1,2233
conv2d_block_rsck,16,128,3,1,16,1,2,1,2384
conv2d_block_rsck,16,128,3,1,16,2,0,1,632
conv2d_block_rsck,16,128,3,1,16,2,1,1,587
conv2d_block_rsck,16,128,3,1,16,2,2,1,631
conv2d_block_rsck,16,128,3,1,16,4,0,1,182
conv2d_block_rsck,16,128,3,1,16,4,1,1,192
conv2d_block_rsck,16,128,3,1,16,4,2,1,220
conv2d_block_rsck,16,128,3,1,64,1,0,1,8432
conv2d_block_rsck,16,128,3,1,64,1,1,1,8788
conv2d_block_rsck,16,128,3,1,64,1,2,1,8999
conv2d_block_rsck,16,128,3,1,64,2,0,1,2296
conv2d_block_rsck,16,128,3,1,64,2,1,1,2382
conv2d_block_rsck,16,128,3,1,64,2,2,1,2411
conv2d_block_rsck,16,128,3,1,64,4,0,1,607
conv2d_block_rsck,16,128,3,1,64,4,1,1,622
conv2d_block_rsck,16,128,3,1,64,4,2,1,679
conv2d_block_rsck,16,128,3,16,1,1,0,1,4459
conv2d_block_rsck,16,128,3,16,1,1,1,1,4757
conv2d_block_rsck,16,128,3,16,1,1,2,1,4738
conv2d_block_rsck,16,128,3,16,1,2,0,1,1318
conv2d_block_rsck,16,128,3,16,1,2,1,1,1289
conv2d_block_rsck,16,128,3,16,1,2,2,1,1321
conv2d_block_rsck,16,128,3,16,1,4,0,1,460
conv2d_block_rsck,16,128,3,16,1,4,1,1,460
conv2d_block_rsck,16,128,3,16,1,4,2,1,461
conv2d_block_rsck,16,128,3,16,16,1,0,1,10098
conv2d_block_rsck,16,128,3,16,16,1,1,1,11224
conv2d_block_rsck,16,128,3,16,16,1,2,1,11257
conv2d_block_rsck,16,128,3,16,16,2,0,1,2862
conv2d_block_rsck,16,128,3,16,16,2,1,1,2935
conv2d_block_rsck,16,128,3,16,16,2,2,1,3067
conv2d_block_rsck,16,128,3,16,16,4,0,1,801
conv2d_block_rsck,16,128,3,16,16,4,1,1,822
conv2d_block_rsck,16,128,3,16,16,4,2,1,866
conv2d_block_rsck,16,128,3,16,64,1,0,1,38948
conv2d_block_rsck,16,128,3,16,64,1,1,1,40888
conv2d_block_rsck,16,128,3,16,64,1,2,1,41667
conv2d_block_rsck,16,128,3,16,64,2,0,1,10530
conv2d_block_rsck,16,128,3,16,64,2,1,1,11157
conv2d_block_rsck,16,128,3,16,64,2,2,1,11375
conv2d_block_rsck,16,128,3,16,64,4,0,1,3017
conv2d_block_rsck,16,128,3,16,64,4,1,1,3084
conv2d_block_rsck,16,128,3,16,64,4,2,1,3141
conv2d_block_rsck,16,128,3,64,1,1,0,1,14538
conv2d_block_rsck,16,128,3,64,1,1,1,1,16543
conv2d_block_rsck,16,128,3,64,1,1,2,1,16331
conv2d_block_rsck,16,128,3,64,1,2,0,1,4302
conv2d_block_rsck,16,128,3,64,1,2,1,1,4389
conv2d_block_rsck,16,128,3,64,1,2,2,1,4403
conv2d_block_rsck,16,128,3,64,1,4,0,1,1442
conv2d_block_rsck,16,128,3,64,1,4,1,1,1464
conv2d_block_rsck,16,128,3,64,1,4,2,1,1476
conv2d_block_rsck,16,128,3,64,16,1,0,1,34059
conv2d_block_rsck,16,128,3,64,16,1,1,1,36754
conv2d_block_rsck,16,128,3,64,16,1,2,1,36557
conv2d_block_rsck,16,128,3,64,16,2,0,1,9436
conv2d_block_rsck,16,128,3,64,16,2,1,1,10053
conv2d_block_rsck,16,128,3,64,16,2,2,1,10156
conv2d_block_rsck,16,128,3,64,16,4,0,1,2787
conv2d_block_rsck,16,128,3,64,16,4,1,1,2859
conv2d_block_rsck,16,128,3,64,16,4,2,1,2998
conv2d_block_rsck,16,128,3,64,64,1,0,1,135190
conv2d_block_rsck,16,128,3,64,64,1,1,1,142533
conv2d_block_rsck,16,128,3,64,64,1,2,1,140475
conv2d_block_rsck,16,128,3,64,64,2,0,1,37119
conv2d_block_rsck,16,128,3,64,64,2,1,1,37881
conv2d_block_rsck,16,128,3,64,64,2,2,1,38880
conv2d_block_rsck,16,128,3,64,64,4,0,1,10587
conv2d_block_rsck,16,128,3,64,64,4,1,1,10799
conv2d_block_rsck,16,128,3,64,64,4,2,1,10917
conv2d_block_rsck,16,128,5,1,1,1,0,1,1774
conv2d_block_rsck,16,128,5,1,1,1,1,1,1838
conv2d_block_rsck,16,128,5,1,1,1,2,1,1920
conv2d_block_rsck,16,128,5,1,1,2,0,1,476
conv2d_block_rsck,16,128,5,1,1,2,1,1,526
conv2d_block_rsck,16,128,5,1,1,2,2,1,541
conv2d_block_rsck,16,128,5,1,1,4,0,1,155
conv2d_block_rsck,16,128,5,1,1,4,1,1,178
conv2d_block_rsck,16,128,5,1,1,4,2,1,166
conv2d_block_rsck,16,128,5,1,16,1,0,1,3766
conv2d_block_rsck,16,128,5,1,16,1,1,1,4238
conv2d_block_rsck,16,128,5,1,16,1,2,1,4441
conv2d_block_rsck,16,128,5,1,16,2,0,1,1099
conv2d_block_rsck,16,128,5,1,16,2,1,1,1110
conv2d_block_rsck,16,128,5,1,16,2,2,1,1168
conv2d_block_rsck,16,128,5,1,16,4,0,1,287
conv2d_block_rsck,16,128,5,1,16,4,1,1,396
conv2d_block_rsck,16,128,5,1,16,4,2,1,320
conv2d_block_rsck,16,128,5,1,64,1,0,1,16596
conv2d_block_rsck,16,128,5,1,64,1,1,1,16952
conv2d_block_rsck,16,128,5,1,64,1,2,1,17480
conv2d_block_rsck,16,128,5,1,64,2,0,1,3825
conv2d_block_rsck,16,128,5,1,64,2,1,1,4342
conv2d_block_rsck,16,128,5,1,64,2,2,1,4540
conv2d_block_rsck,16,128,5,1,64,4,0,1,1149
conv2d_block_rsck,16,128,5,1,64,4,1,1,1179
conv2d_block_rsck,16,128,5,1,64,4,2,1,1175
conv2d_block_rsck,16,128,5,16,1,1,0,1,10995
conv2d_block_rsck,16,128,5,16,1,1,1,1,11437
conv2d_block_rsck,16,128,5,16,1,1,2,1,12108
conv2d_block_rsck,16,128,5,16,1,2,0,1,3112
conv2d_block_rsck,16,128,5,16,1,2,1,1,3155
conv2d_block_rsck,16,128,5,16,1,2,2,1,3160
conv2d_block_rsck,16,128,5,16,1,4,0,1,936
conv2d_block_rsck,16,128,5,16,1,4,1,1,1021
conv2d_block_rsck,16,128,5,16,1,4,2,1,1002
conv2d_block_rsck,16,128,5,16,16,1,0,1,24707
conv2d_block_rsck,16,128,5,16,16,1,1,1,26549
conv2d_block_rsck,16,128,5,16,16,1,2,1,27714
conv2d_block_rsck,16,128,5,16,16,2,0,1,6969
conv2d_block_rsck,16,128,5,16,16,2,1,1,7265
conv2d_block_rsck,16,128,5,16,16,2,2,1,7428
conv2d_block_rsck,16,128,5,16,16,4,0,1,1924
conv2d_block_rsck,16,128,5,16,16,4,1,1,2087
conv2d_block_rsck,16,128,5,16,16,4,2,1,2091
conv2d_block_rsck,16,128,5,16,64,1,0,1,97774
conv2d_block_rsck,16,128,5,16,64,1,1,1,97313
conv2d_block_rsck,16,128,5,16,64,1,2,1,104083
conv2d_block_rsck,16,128,5,16,64,2,0,1,26385
conv2d_block_rsck,16,128,5,16,64,2,1,1,27497
conv2d_block_rsck,16,128,5,16,64,2,2,1,27916
conv2d_block_rsck,16,128,5,16,64,4,0,1,7460
conv2d_block_rsck,16,128,5,16,64,4,1,1,7959
conv2d_block_rsck,16,128,5,16,64,4,2,1,7963
conv2d_block_rsck,16,128,5,64,1,1,0,1,35738
conv2d_block_rsck,16,128,5,64,1,1,1,1,37282
conv2d_block_rsck,16,128,5,64,1,1,2,1,40874
conv2d_block_rsck,16,128,5,64,1,2,0,1,11043
conv2d_block_rsck,16,128,5,64,1,2,1,1,11096
conv2d_block_rsck,16,128,5,64,1,2,2,1,11277
conv2d_block_rsck,16,128,5,64,1,4,0,1,3219
conv2d_block_rsck,16,128,5,64,1,4,1,1,3368
conv2d_block_rsck,16,128,5,64,1,4,2,1,3372
conv2d_block_rsck,16,128,5,64,16,1,0,1,87725
conv2d_block_rsck,16,128,5,64,16,1,1,1,90374
conv2d_block_rsck,16,128,5,64,16,1,2,1,95135
conv2d_block_rsck,16,128,5,64,16,2,0,1,24859
conv2d_block_rsck,16,128,5,64,16,2,1,1,25718
conv2d_block_rsck,16,128,5,64,16,2,2,1,26327
conv2d_block_rsck,16,128,5,64,16,4,0,1,7147
conv2d_block_rsck,16,128,5,64,16,4,1,1,7562
conv2d_block_rsck,16,128,5,64,16,4,2,1,7514
conv2d_block_rsck,16,128,5,64,64,1,0,1,344255
conv2d_block_rsck,16,128,5,64,64,1,1,1,350108
conv2d_block_rsck,16,128,5,64,64,1,2,1,366140
conv2d_block_rsck,16,128,5,64,64,2,0,1,92102
conv2d_block_rsck,16,128,5,64,64,2,1,1,94825
conv2d_block_rsck,16,128,5,64,64,2,2,1,97118
conv2d_block_rsck,16,128,5,64,64,4,0,1,27310
conv2d_block_rsck,16,128,5,64,64,4,1,1,27529
conv2d_block_rsck,16,128,5,64,64,4,2,1,27395
conv2d_block_rsck,32,32,1,1,1,1,0,1,81
conv2d_block_rsck,32,32,1,1,1,2,0,1,42
conv2d_block_rsck,32,32,1,1,1,4,0,1,29
conv2d_block_rsck,32,32,1,1,16,1,0,1,186
conv2d_block_rsck,32,32,1,1,16,2,0,1,61
conv2d_block_rsck,32,32,1,1,16,4,0,1,34
conv2d_block_rsck,32,32,1,1,64,1,0,1,607
conv2d_block_rsck,32,32,1,1,64,2,0,1,208
conv2d_block_rsck,32,32,1,1,64,4,0,1,54
conv2d_block_rsck,32,32,1,16,1,1,0,1,144
conv2d_block_rsck,32,32,1,16,1,2,0,1,68
conv2d_block_rsck,32,32,1,16,1,4,0,1,46
conv2d_block_rsck,32,32,1,16,16,1,0,1,340
conv2d_block_rsck,32,32,1,16,16,2,0,1,107
conv2d_block_rsck,32,32,1,16,16,4,0,1,56
conv2d_block_rsck,32,32,1,16,64,1,0,1,1225
conv2d_block_rsck,32,32,1,16,64,2,0,1,340
conv2d_block_rsck,32,32,1,16,64,4,0,1,115
conv2d_block_rsck,32,32,1,64,1,1,0,1,363
conv2d_block_rsck,32,32,1,64,1,2,0,1,149
conv2d_block_rsck,32,32,1,64,1,4,0,1,117
conv2d_block_rsck,32,32,1,64,16,1,0,1,804
conv2d_block_rsck,32,32,1,64,16,2,0,1,265
conv2d_block_rsck,32,32,1,64,16,4,0,1,141
conv2d_block_rsck,32,32,1,64,64,1,0,1,2744
conv2d_block_rsck,32,32,1,64,64,2,0,1,818
conv2d_block_rsck,32,32,1,64,64,4,0,1,254
conv2d_block_rsck,32,32,3,1,1,1,0,1,139
conv2d_block_rsck,32,32,3,1,1,1,1,1,145
conv2d_block_rsck,32,32,3,1,1,1,2,1,164
conv2d_block_rsck,32,32,3,1,1,2,0,1,59
conv2d_block_rsck,32,32,3,1,1,2,1,1,71
conv2d_block_rsck,32,32,3,1,1,2,2,1,59
conv2d_block_rsck,32,32,3,1,1,4,0,1,33
conv2d_block_rsck,32,32,3,1,1,4,1,1,32
conv2d_block_rsck,32,32,3,1,1,4,2,1,43
conv2d_block_rsck,32,32,3,1,16,1,0,1,308
conv2d_block_rsck,32,32,3,1,16,1,1,1,348
conv2d_block_rsck,32,32,3,1,16,1,2,1,389
conv2d_block_rsck,32,32,3,1,16,2,0,1,94
conv2d_block_rsck,32,32,3,1,16,2,1,1,100
conv2d_block_rsck,32,32,3,1,16,2,2,1,100
conv2d_block_rsck,32,32,3,1,16,4,0,1,45
conv2d_block_rsck,32,32,3,1,16,4,1,1,51
conv2d_block_rsck,32,32,3,1,16,4,2,1,44
conv2d_block_rsck,32,32,3,1,64,1,0,1,1103
conv2d_block_rsck,32,32,3,1,64,1,1,1,1253
conv2d_block_rsck,32,32,3,1,64,1,2,1,1048
conv2d_block_rsck,32,32,3,1,64,2,0,1,321
conv2d_block_rsck,32,32,3,1,64,2,1,1,341
conv2d_block_rsck,32,32,3,1,64,2,2,1,369
conv2d_block_rsck,32,32,3,1,64,4,0,1,116
conv2d_block_rsck,32,32,3,1,64,4,1,1,96
conv2d_block_rsck,32,32,3,1,64,4,2,1,111
conv2d_block_rsck,32,32,3,16,1,1,0,1,556
conv2d_block_rsck,32,32,3,16,1,1,1,1,640
conv2d_block_rsck,32,32,3,16,1,1,2,1,657
conv2d_block_rsck,32,32,3,16,1,2,0,1,193
conv2d_block_rsck,32,32,3,16,1,2,1,1,198
conv2d_block_rsck,32,32,3,16,1,2,2,1,201
conv2d_block_rsck,32,32,3,16,1,4,0,1,98
conv2d_block_rsck,32,32,3,16,1,4,1,1,88
conv2d_block_rsck,32,32,3,16,1,4,2,1,106
conv2d_block_rsck,32,32,3,16,16,1,0,1,1236
conv2d_block_rsck,32,32,3,16,16,1,1,1,1507
conv2d_block_rsck,32,32,3,16,16,1,2,1,1558
conv2d_block_rsck,32,32,3,16,16,2,0,1,391
conv2d_block_rsck,32,32,3,16,16,2,1,1,434
conv2d_block_rsck,32,32,3,16,16,2,2,1,439
conv2d_block_rsck,32,32,3,16,16,4,0,1,158
conv2d_block_rsck,32,32,3,16,16,4,1,1,157
conv2d_block_rsck,32,32,3,16,16,4,2,1,158
conv2d_block_rsck,32,32,3,16,64,1,0,1,4539
conv2d_block_rsck,32,32,3,16,64,1,1,1,5411
conv2d_block_rsck,32,32,3,16,64,1,2,1,5452
conv2d_block_rsck,32,32,3,16,64,2,0,1,1378
conv2d_block_rsck,32,32,3,16,64,2,1,1,1495
conv2d_block_rsck,32,32,3,16,64,2,2,1,1556
conv2d_block_rsck,32,32,3,16,64,4,0,1,461
conv2d_block_rsck,32,32,3,16,64,4,1,1,454
conv2d_block_rsck,32,32,3,16,64,4,2,1,492
conv2d_block_rsck,32,32,3,64,1,1,0,1,1696
conv2d_block_rsck,32,32,3,64,1,1,1,1,2094
conv2d_block_rsck,32,32,3,64,1,1,2,1,2120
conv2d_block_rsck,32,32,3,64,1,2,0,1,558
conv2d_block_rsck,32,32,3,64,1,2,1,1,627
conv2d_block_rsck,32,32,3,64,1,2,2,1,663
conv2d_block_rsck,32,32,3,64,1,4,0,1,257
conv2d_block_rsck,32,32,3,64,1,4,1,1,245
conv2d_block_rsck,32,32,3,64,1,4,2,1,257
conv2d_block_rsck,32,32,3,64,16,1,0,1,3994
conv2d_block_rsck,32,32,3,64,16,1,1,1,4856
conv2d_block_rsck,32,32,3,64,16,1,2,1,4966
conv2d_block_rsck,32,32,3,64,16,2,0,1,1278
conv2d_block_rsck,32,32,3,64,16,2,1,1,1327
conv2d_block_rsck,32,32,3,64,16,2,2,1,1364
conv2d_block_rsck,32,32,3,64,16,4,0,1,512
conv2d_block_rsck,32,32,3,64,16,4,1,1,489
conv2d_block_rsck,32,32,3,64,16,4,2,1,511
conv2d_block_rsck,32,32,3,64,64,1,0,1,15612
conv2d_block_rsck,32,32,3,64,64,1,1,1,19040
conv2d_block_rsck,32,32,3,64,64,1,2,1,19774
conv2d_block_rsck,32,32,3,64,64,2,0,1,4695
conv2d_block_rsck,32,32,3,64,64,2,1,1,4900
conv2d_block_rsck,32,32,3,64,64,2,2,1,5087
conv2d_block_rsck,32,32,3,64,64,4,0,1,1640
conv2d_block_rsck,32,32,3,64,64,4,1,1,1553
conv2d_block_rsck,32,32,3,64,64,4,2,1,1649
conv2d_block_rsck,32,32,5,1,1,1,0,1,223
conv2d_block_rsck,32,32,5,1,1,1,1,1,259
conv2d_block_rsck,32,32,5,1,1,1,2,1,284
conv2d_block_rsck,32,32,5,1,1,2,0,1,79
conv2d_block_rsck,32,32,5,1,1,2,1,1,83
conv2d_block_rsck,32,32,5,1,1,2,2,1,89
conv2d_block_rsck,32,32,5,1,1,4,0,1,39
conv2d_block_rsck,32,32,5,1,1,4,1,1,43
conv2d_block_rsck,32,32,5,1,1,4,2,1,41
conv2d_block_rsck,32,32,5,1,16,1,0,1,527
conv2d_block_rsck,32,32,5,1,16,1,1,1,564
conv2d_block_rsck,32,32,5,1,16,1,2,1,644
conv2d_block_rsck,32,32,5,1,16,2,0,1,145
conv2d_block_rsck,32,32,5,1,16,2,1,1,174
conv2d_block_rsck,32,32,5,1,16,2,2,1,179
conv2d_block_rsck,32,32,5,1,16,4,0,1,51
conv2d_block_rsck,32,32,5,1,16,4,1,1,67
conv2d_block_rsck,32,32,5,1,16,4,2,1,62
conv2d_block_rsck,32,32,5,1,64,1,0,1,1816
conv2d_block_rsck,32,32,5,1,64,1,1,1,1938
conv2d_block_rsck,32,32,5,1,64,1,2,1,2217
conv2d_block_rsck,32,32,5,1,64,2,0,1,543
conv2d_block_rsck,32,32,5,1,64,2,1,1,592
conv2d_block_rsck,32,32,5,1,64,2,2,1,632
conv2d_block_rsck,32,32,5,1,64,4,0,1,177
conv2d_block_rsck,32,32,5,1,64,4,1,1,167
conv2d_block_rsck,32,32,5,1,64,4,2,1,177
conv2d_block_rsck,32,32,5,16,1,1,0,1,1186
conv2d_block_rsck,32,32,5,16,1,1,1,1,1268
conv2d_block_rsck,32,32,5,16,1,1,2,1,1522
conv2d_block_rsck,32,32,5,16,1,2,0,1,372
conv2d_block_rsck,32,32,5,16,1,2,1,1,393
conv2d_block_rsck,32,32,5,16,1,2,2,1,423
conv2d_block_rsck,32,32,5,16,1,4,0,1,144
conv2d_block_rsck,32,32,5,16,1,4,1,1,166
conv2d_block_rsck,32,32,5,16,1,4,2,1,175
conv2d_block_rsck,32,32,5,16,16,1,0,1,2713
conv2d_block_rsck,32,32,5,16,16,1,1,1,3073
conv2d_block_rsck,32,32,5,16,16,1,2,1,3541
conv2d_block_rsck,32,32,5,16,16,2,0,1,844
conv2d_block_rsck,32,32,5,16,16,2,1,1,946
conv2d_block_rsck,32,32,5,16,16,2,2,1,991
conv2d_block_rsck,32,32,5,16,16,4,0,1,283
conv2d_block_rsck,32,32,5,16,16,4,1,1,352
conv2d_block_rsck,32,32,5,16,16,4,2,1,319
conv2d_block_rsck,32,32,5,16,64,1,0,1,10325
conv2d_block_rsck,32,32,5,16,64,1,1,1,11639
conv2d_block_rsck,32,32,5,16,64,1,2,1,13548
conv2d_block_rsck,32,32,5,16,64,2,0,1,3161
conv2d_block_rsck,32,32,5,16,64,2,1,1,3427
conv2d_block_rsck,32,32,5,16,64,2,2,1,3642
conv2d_block_rsck,32,32,5,16,64,4,0,1,1028
conv2d_block_rsck,32,32,5,16,64,4,1,1,1173
conv2d_block_rsck,32,32,5,16,64,4,2,1,1131
conv2d_block_rsck,32,32,5,64,1,1,0,1,3924
conv2d_block_rsck,32,32,5,64,1,1,1,1,4271
conv2d_block_rsck,32,32,5,64,1,1,2,1,5168
conv2d_block_rsck,32,32,5,64,1,2,0,1,1284
conv2d_block_rsck,32,32,5,64,1,2,1,1,1347
conv2d_block_rsck,32,32,5,64,1,2,2,1,1418
conv2d_block_rsck,32,32,5,64,1,4,0,1,481
conv2d_block_rsck,32,32,5,64,1,4,1,1,574
conv2d_block_rsck,32,32,5,64,1,4,2,1,525
conv2d_block_rsck,32,32,5,64,16,1,0,1,9772
conv2d_block_rsck,32,32,5,64,16,1,1,1,10813
conv2d_block_rsck,32,32,5,64,16,1,2,1,12520
conv2d_block_rsck,32,32,5,64,16,2,0,1,2977
conv2d_block_rsck,32,32,5,64,16,2,1,1,3339
conv2d_block_rsck,32,32,5,64,16,2,2,1,3397
conv2d_block_rsck,32,32,5,64,16,4,0,1,1036
conv2d_block_rsck,32,32,5,64,16,4,1,1,1173
conv2d_block_rsck,32,32,5,64,16,4,2,1,1112
conv2d_block_rsck,32,32,5,64,64,1,0,1,37696
conv2d_block_rsck,32,32,5,64,64,1,1,1,41731
conv2d_block_rsck,32,32,5,64,64,1,2,1,48963
conv2d_block_rsck,32,32,5,64,64,2,0,1,11040
conv2d_block_rsck,32,32,5,64,64,2,1,1,11939
conv2d_block_rsck,32,32,5,64,64,2,2,1,12488
conv2d_block_rsck,32,32,5,64,64,4,0,1,3580
conv2d_block_rsck,32,32,5,64,64,4,1,1,4048
conv2d_block_rsck,32,32,5,64,64,4,2,1,3950
conv2d_block_rsck,32,64,1,1,1,1,0,1,223
conv2d_block_rsck,32,64,1,1,1,2,0,1,87
conv2d_block_rsck,32,64,1,1,1,4,0,1,42
conv2d_block_rsck,32,64,1,1,16,1,0,1,660
conv2d_block_rsck,32,64,1,1,16,2,0,1,197
conv2d_block_rsck,32,64,1,1,16,4,0,1,56
conv2d_block_rsck,32,64,1,1,64,1,0,1,2337
conv2d_block_rsck,32,64,1,1,64,2,0,1,611
conv2d_block_rsck,32,64,1,1,64,4,0,1,196
conv2d_block_rsck,32,64,1,16,1,1,0,1,489
conv2d_block_rsck,32,64,1,16,1,2,0,1,209
conv2d_block_rsck,32,64,1,16,1,4,0,1,119
conv2d_block_rsck,32,64,1,16,16,1,0,1,1192
conv2d_block_rsck,32,64,1,16,16,2,0,1,370
conv2d_block_rsck,32,64,1,16,16,4,0,1,140
conv2d_block_rsck,32,64,1,16,64,1,0,1,4084
conv2d_block_rsck,32,64,1,16,64,2,0,1,1199
conv2d_block_rsck,32,64,1,16,64,4,0,1,392
conv2d_block_rsck,32,64,1,64,1,1,0,1,1072
conv2d_block_rsck,32,64,1,64,1,2,0,1,410
conv2d_block_rsck,32,64,1,64,1,4,0,1,163
conv2d_block_rsck,32,64,1,64,16,1,0,1,2597
conv2d_block_rsck,32,64,1,64,16,2,0,1,865
conv2d_block_rsck,32,64,1,64,16,4,0,1,258
conv2d_block_rsck,32,64,1,64,64,1,0,1,9637
conv2d_block_rsck,32,64,1,64,64,2,0,1,2822
conv2d_block_rsck,32,64,1,64,64,4,0,1,866
conv2d_block_rsck,32,64,3,1,1,1,0,1,485
conv2d_block_rsck,32,64,3,1,1,1,1,1,523
conv2d_block_rsck,32,64,3,1,1,1,2,1,522
conv2d_block_rsck,32,64,3,1,1,2,0,1,156
conv2d_block_rsck,32,64,3,1,1,2,1,1,149
conv2d_block_rsck,32,64,3,1,1,2,2,1,165
conv2d_block_rsck,32,64,3,1,1,4,0,1,65
conv2d_block_rsck,32,64,3,1,1,4,1,1,53
conv2d_block_rsck,32,64,3,1,1,4,2,1,63
conv2d_block_rsck,32,64,3,1,16,1,0,1,1173
conv2d_block_rsck,32,64,3,1,16,1,1,1,1207
conv2d_block_rsck,32,64,3,1,16,1,2,1,991
conv2d_block_rsck,32,64,3,1,16,2,0,1,342
conv2d_block_rsck,32,64,3,1,16,2,1,1,347
conv2d_block_rsck,32,64,3,1,16,2,2,1,368
conv2d_block_rsck,32,64,3,1,16,4,0,1,103
conv2d_block_rsck,32,64,3,1,16,4,1,1,98
conv2d_block_rsck,32,64,3,1,16,4,2,1,113
conv2d_block_rsck,32,64,3,1,64,1,0,1,4242
conv2d_block_rsck,32,64,3,1,64,1,1,1,4436
conv2d_block_rsck,32,64,3,1,64,1,2,1,4565
conv2d_block_rsck,32,64,3,1,64,2,0,1,1177
conv2d_block_rsck,32,64,3,1,64,2,1,1,1191
conv2d_block_rsck,32,64,3,1,64,2,2,1,1043
conv2d_block_rsck,32,64,3,1,64,4,0,1,347
conv2d_block_rsck,32,64,3,1,64,4,1,1,336
conv2d_block_rsck,32,64,3,1,64,4,2,1,380
conv2d_block_rsck,32,64,3,16,1,1,0,1,2143
conv2d_block_rsck,32,64,3,16,1,1,1,1,2233
conv2d_block_rsck,32,64,3,16,1,1,2,1,3593
conv2d_block_rsck,32,64,3,16,1,2,0,1,649
conv2d_block_rsck,32,64,3,16,1,2,1,1,728
conv2d_block_rsck,32,64,3,16,1,2,2,1,725
conv2d_block_rsck,32,64,3,16,1,4,0,1,245
conv2d_block_rsck,32,64,3,16,1,4,1,1,267
conv2d_block_rsck,32,64,3,16,1,4,2,1,272
conv2d_block_rsck,32,64,3,16,16,1,0,1,4964
conv2d_block_rsck,32,64,3,16,16,1,1,1,5386
conv2d_block_rsck,32,64,3,16,16,1,2,1,5195
conv2d_block_rsck,32,64,3,16,16,2,0,1,1488
conv2d_block_rsck,32,64,3,16,16,2,1,1,1567
conv2d_block_rsck,32,64,3,16,16,2,2,1,1602
conv2d_block_rsck,32,64,3,16,16,4,0,1,494
conv2d_block_rsck,32,64,3,16,16,4,1,1,491
conv2d_block_rsck,32,64,3,16,16,4,2,1,519
conv2d_block_rsck,32,64,3,16,64,1,0,1,18696
conv2d_block_rsck,32,64,3,16,64,1,1,1,19835
conv2d_block_rsck,32,64,3,16,64,1,2,1,20683
conv2d_block_rsck,32,64,3,16,64,2,0,1,5257
conv2d_block_rsck,32,64,3,16,64,2,1,1,5571
conv2d_block_rsck,32,64,3,16,64,2,2,1,5394
conv2d_block_rsck,32,64,3,16,64,4,0,1,1554
conv2d_block_rsck,32,64,3,16,64,4,1,1,1572
conv2d_block_rsck,32,64,3,16,64,4,2,1,1644
conv2d_block_rsck,32,64,3,64,1,1,0,1,7106
conv2d_block_rsck,32,64,3,64,1,1,1,1,7391
conv2d_block_rsck,32,64,3,64,1,1,2,1,7295
conv2d_block_rsck,32,64,3,64,1,2,0,1,2168
conv2d_block_rsck,32,64,3,64,1,2,1,1,2248
conv2d_block_rsck,32,64,3,64,1,2,2,1,2231
conv2d_block_rsck,32,64,3,64,1,4,0,1,696
conv2d_block_rsck,32,64,3,64,1,4,1,1,688
conv2d_block_rsck,32,64,3,64,1,4,2,1,721
conv2d_block_rsck,32,64,3,64,16,1,0,1,16810
conv2d_block_rsck,32,64,3,64,16,1,1,1,17995
conv2d_block_rsck,32,64,3,64,16,1,2,1,17593
conv2d_block_rsck,32,64,3,64,16,2,0,1,4702
conv2d_block_rsck,32,64,3,64,16,2,1,1,5062
conv2d_block_rsck,32,64,3,64,16,2,2,1,5117
conv2d_block_rsck,32,64,3,64,16,4,0,1,1423
conv2d_block_rsck,32,64,3,64,16,4,1,1,1438
conv2d_block_rsck,32,64,3,64,16,4,2,1,1472
conv2d_block_rsck,32,64,3,64,64,1,0,1,68686
conv2d_block_rsck,32,64,3,64,64,1,1,1,70751
conv2d_block_rsck,32,64,3,64,64,1,2,1,76398
conv2d_block_rsck,32,64,3,64,64,2,0,1,18494
conv2d_block_rsck,32,64,3,64,64,2,1,1,19408
conv2d_block_rsck,32,64,3,64,64,2,2,1,19401
conv2d_block_rsck,32,64,3,64,64,4,0,1,4931
conv2d_block_rsck,32,64,3,64,64,4,1,1,5056
conv2d_block_rsck,32,64,3,64,64,4,2,1,5171
conv2d_block_rsck,32,64,5,1,1,1,0,1,881
conv2d_block_rsck,32,64,5,1,1,1,1,1,953
conv2d_block_rsck,32,64,5,1,1,1,2,1,1008
conv2d_block_rsck,32,64,5,1,1,2,0,1,283
conv2d_block_rsck,32,64,5,1,1,2,1,1,296
conv2d_block_rsck,32,64,5,1,1,2,2,1,301
conv2d_block_rsck,32,64,5,1,1,4,0,1,102
conv2d_block_rsck,32,64,5,1,1,4,1,1,88
conv2d_block_rsck,32,64,5,1,1,4,2,1,93
conv2d_block_rsck,32,64,5,1,16,1,0,1,1969
conv2d_block_rsck,32,64,5,1,16,1,1,1,2095
conv2d_block_rsck,32,64,5,1,16,1,2,1,2210
conv2d_block_rsck,32,64,5,1,16,2,0,1,561
conv2d_block_rsck,32,64,5,1,16,2,1,1,613
conv2d_block_rsck,32,64,5,1,16,2,2,1,632
conv2d_block_rsck,32,64,5,1,16,4,0,1,165
conv2d_block_rsck,32,64,5,1,16,4,1,1,167
conv2d_block_rsck,32,64,5,1,16,4,2,1,175
conv2d_block_rsck,32,64,5,1,64,1,0,1,7409
conv2d_block_rsck,32,64,5,1,64,1,1,1,8002
conv2d_block_rsck,32,64,5,1,64,1,2,1,8847
conv2d_block_rsck,32,64,5,1,64,2,0,1,2061
conv2d_block_rsck,32,64,5,1,64,2,1,1,2157
conv2d_block_rsck,32,64,5,1,64,2,2,1,2261
conv2d_block_rsck,32,64,5,1,64,4,0,1,538
conv2d_block_rsck,32,64,5,1,64,4,1,1,646
conv2d_block_rsck,32,64,5,1,64,4,2,1,623
conv2d_block_rsck,32,64,5,16,1,1,0,1,4813
conv2d_block_rsck,32,64,5,16,1,1,1,1,5363
conv2d_block_rsck,32,64,5,16,1,1,2,1,5458
conv2d_block_rsck,32,64,5,16,1,2,0,1,1313
conv2d_block_rsck,32,64,5,16,1,2,1,1,1583
conv2d_block_rsck,32,64,5,16,1,2,2,1,1600
conv2d_block_rsck,32,64,5,16,1,4,0,1,477
conv2d_block_rsck,32,64,5,16,1,4,1,1,506
conv2d_block_rsck,32,64,5,16,1,4,2,1,514
conv2d_block_rsck,32,64,5,16,16,1,0,1,11241
conv2d_block_rsck,32,64,5,16,16,1,1,1,12776
conv2d_block_rsck,32,64,5,16,16,1,2,1,13250
conv2d_block_rsck,32,64,5,16,16,2,0,1,2988
conv2d_block_rsck,32,64,5,16,16,2,1,1,3678
conv2d_block_rsck,32,64,5,16,16,2,2,1,3732
conv2d_block_rsck,32,64,5,16,16,4,0,1,994
conv2d_block_rsck,32,64,5,16,16,4,1,1,1080
conv2d_block_rsck,32,64,5,16,16,4,2,1,1079
conv2d_block_rsck,32,64,5,16,64,1,0,1,44797
conv2d_block_rsck,32,64,5,16,64,1,1,1,50733
conv2d_block_rsck,32,64,5,16,64,1,2,1,51335
conv2d_block_rsck,32,64,5,16,64,2,0,1,11456
conv2d_block_rsck,32,64,5,16,64,2,1,1,14074
conv2d_block_rsck,32,64,5,16,64,2,2,1,14370
conv2d_block_rsck,32,64,5,16,64,4,0,1,3473
conv2d_block_rsck,32,64,5,16,64,4,1,1,3816
conv2d_block_rsck,32,64,5,16,64,4,2,1,3726
conv2d_block_rsck,32,64,5,64,1,1,0,1,16329
conv2d_block_rsck,32,64,5,64,1,1,1,1,19395
conv2d_block_rsck,32,64,5,64,1,1,2,1,19946
conv2d_block_rsck,32,64,5,64,1,2,0,1,4308
conv2d_block_rsck,32,64,5,64,1,2,1,1,5350
conv2d_block_rsck,32,64,5,64,1,2,2,1,5541
conv2d_block_rsck,32,64,5,64,1,4,0,1,1448
conv2d_block_rsck,32,64,5,64,1,4,1,1,1553
conv2d_block_rsck,32,64,5,64,1,4,2,1,1526
conv2d_block_rsck,32,64,5,64,16,1,0,1,41169
conv2d_block_rsck,32,64,5,64,16,1,1,1,46448
conv2d_block_rsck,32,64,5,64,16,1,2,1,47636
conv2d_block_rsck,32,64,5,64,16,2,0,1,10852
conv2d_block_rsck,32,64,5,64,16,2,1,1,12804
conv2d_block_rsck,32,64,5,64,16,2,2,1,13145
conv2d_block_rsck,32,64,5,64,16,4,0,1,3288
conv2d_block_rsck,32,64,5,64,16,4,1,1,3531
conv2d_block_rsck,32,64,5,64,16,4,2,1,3520
conv2d_block_rsck,32,64,5,64,64,1,0,1,160463
conv2d_block_rsck,32,64,5,64,64,1,1,1,179310
conv2d_block_rsck,32,64,5,64,64,1,2,1,184654
conv2d_block_rsck,32,64,5,64,64,2,0,1,41918
conv2d_block_rsck,32,64,5,64,64,2,1,1,49874
conv2d_block_rsck,32,64,5,64,64,2,2,1,51409
conv2d_block_rsck,32,64,5,64,64,4,0,1,12094
conv2d_block_rsck,32,64,5,64,64,4,1,1,12993
conv2d_block_rsck,32,64,5,64,64,4,2,1,12835
conv2d_block_rsck,32,128,1,1,1,1,0,1,792
conv2d_block_rsck,32,128,1,1,1,2,0,1,233
conv2d_block_rsck,32,128,1,1,1,4,0,1,84
conv2d_block_rsck,32,128,1,1,16,1,0,1,2275
conv2d_block_rsck,32,128,1,1,16,2,0,1,634
conv2d_block_rsck,32,128,1,1,16,4,0,1,196
conv2d_block_rsck,32,128,1,1,64,1,0,1,8435
conv2d_block_rsck,32,128,1,1,64,2,0,1,2348
conv2d_block_rsck,32,128,1,1,64,4,0,1,627
conv2d_block_rsck,32,128,1,16,1,1,0,1,1603
conv2d_block_rsck,32,128,1,16,1,2,0,1,581
conv2d_block_rsck,32,128,1,16,1,4,0,1,241
conv2d_block_rsck,32,128,1,16,16,1,0,1,3945
conv2d_block_rsck,32,128,1,16,16,2,0,1,1291
conv2d_block_rsck,32,128,1,16,16,4,0,1,425
conv2d_block_rsck,32,128,1,16,64,1,0,1,15150
conv2d_block_rsck,32,128,1,16,64,2,0,1,4121
conv2d_block_rsck,32,128,1,16,64,4,0,1,1226
conv2d_block_rsck,32,128,1,64,1,1,0,1,4098
conv2d_block_rsck,32,128,1,64,1,2,0,1,1302
conv2d_block_rsck,32,128,1,64,1,4,0,1,437
conv2d_block_rsck,32,128,1,64,16,1,0,1,9742
conv2d_block_rsck,32,128,1,64,16,2,0,1,2769
conv2d_block_rsck,32,128,1,64,16,4,0,1,888
conv2d_block_rsck,32,128,1,64,64,1,0,1,37273
conv2d_block_rsck,32,128,1,64,64,2,0,1,9686
conv2d_block_rsck,32,128,1,64,64,4,0,1,2762
conv2d_block_rsck,32,128,3,1,1,1,0,1,1746
conv2d_block_rsck,32,128,3,1,1,1,1,1,1759
conv2d_block_rsck,32,128,3,1,1,1,2,1,1799
conv2d_block_rsck,32,128,3,1,1,2,0,1,492
conv2d_block_rsck,32,128,3,1,1,2,1,1,510
conv2d_block_rsck,32,128,3,1,1,2,2,1,529
conv2d_block_rsck,32,128,3,1,1,4,0,1,164
conv2d_block_rsck,32,128,3,1,1,4,1,1,157
conv2d_block_rsck,32,128,3,1,1,4,2,1,175
conv2d_block_rsck,32,128,3,1,16,1,0,1,4163
conv2d_block_rsck,32,128,3,1,16,1,1,1,4346
conv2d_block_rsck,32,128,3,1,16,1,2,1,4391
conv2d_block_rsck,32,128,3,1,16,2,0,1,1230
conv2d_block_rsck,32,128,3,1,16,2,1,1,1271
conv2d_block_rsck,32,128,3,1,16,2,2,1,1000
conv2d_block_rsck,32,128,3,1,16,4,0,1,355
conv2d_block_rsck,32,128,3,1,16,4,1,1,342
conv2d_block_rsck,32,128,3,1,16,4,2,1,385
conv2d_block_rsck,32,128,3,1,64,1,0,1,16360
conv2d_block_rsck,32,128,3,1,64,1,1,1,16527
conv2d_block_rsck,32,128,3,1,64,1,2,1,19375
conv2d_block_rsck,32,128,3,1,64,2,0,1,4406
conv2d_block_rsck,32,128,3,1,64,2,1,1,4346
conv2d_block_rsck,32,128,3,1,64,2,2,1,4556
conv2d_block_rsck,32,128,3,1,64,4,0,1,1264
conv2d_block_rsck,32,128,3,1,64,4,1,1,1217
conv2d_block_rsck,32,128,3,1,64,4,2,1,1019
conv2d_block_rsck,32,128,3,16,1,1,0,1,7967
conv2d_block_rsck,32,128,3,16,1,1,1,1,8271
conv2d_block_rsck,32,128,3,16,1,1,2,1,8422
conv2d_block_rsck,32,128,3,16,1,2,0,1,2260
conv2d_block_rsck,32,128,3,16,1,2,1,1,2811
conv2d_block_rsck,32,128,3,16,1,2,2,1,2298
conv2d_block_rsck,32,128,3,16,1,4,0,1,866
conv2d_block_rsck,32,128,3,16,1,4,1,1,892
conv2d_block_rsck,32,128,3,16,1,4,2,1,885
conv2d_block_rsck,32,128,3,16,16,1,0,1,18621
conv2d_block_rsck,32,128,3,16,16,1,1,1,20220
conv2d_block_rsck,32,128,3,16,16,1,2,1,20257
conv2d_block_rsck,32,128,3,16,16,2,0,1,4998
conv2d_block_rsck,32,128,3,16,16,2,1,1,5456
conv2d_block_rsck,32,128,3,16,16,2,2,1,5217
conv2d_block_rsck,32,128,3,16,16,4,0,1,1693
conv2d_block_rsck,32,128,3,16,16,4,1,1,1718
conv2d_block_rsck,32,128,3,16,16,4,2,1,1703
conv2d_block_rsck,32,128,3,16,64,1,0,1,72758
conv2d_block_rsck,32,128,3,16,64,1,1,1,78461
conv2d_block_rsck,32,128,3,16,64,1,2,1,83232
conv2d_block_rsck,32,128,3,16,64,2,0,1,19464
conv2d_block_rsck,32,128,3,16,64,2,1,1,20178
conv2d_block_rsck,32,128,3,16,64,2,2,1,20387
conv2d_block_rsck,32,128,3,16,64,4,0,1,5651
conv2d_block_rsck,32,128,3,16,64,4,1,1,5732
conv2d_block_rsck,32,128,3,16,64,4,2,1,5588
conv2d_block_rsck,32,128,3,64,1,1,0,1,25965
conv2d_block_rsck,32,128,3,64,1,1,1,1,29955
conv2d_block_rsck,32,128,3,64,1,1,2,1,29913
conv2d_block_rsck,32,128,3,64,1,2,0,1,7569
conv2d_block_rsck,32,128,3,64,1,2,1,1,7670
conv2d_block_rsck,32,128,3,64,1,2,2,1,7744
conv2d_block_rsck,32,128,3,64,1,4,0,1,2455
conv2d_block_rsck,32,128,3,64,1,4,1,1,2452
conv2d_block_rsck,32,128,3,64,1,4,2,1,2503
conv2d_block_rsck,32,128,3,64,16,1,0,1,64224
conv2d_block_rsck,32,128,3,64,16,1,1,1,69092
conv2d_block_rsck,32,128,3,64,16,1,2,1,70158
conv2d_block_rsck,32,128,3,64,16,2,0,1,17069
conv2d_block_rsck,32,128,3,64,16,2,1,1,18174
conv2d_block_rsck,32,128,3,64,16,2,2,1,18254
conv2d_block_rsck,32,128,3,64,16,4,0,1,5104
conv2d_block_rsck,32,128,3,64,16,4,1,1,5282
conv2d_block_rsck,32,128,3,64,16,4,2,1,5354
conv2d_block_rsck,32,128,3,64,64,1,0,1,263145
conv2d_block_rsck,32,128,3,64,64,1,1,1,276853
conv2d_block_rsck,32,128,3,64,64,1,2,1,283494
conv2d_block_rsck,32,128,3,64,64,2,0,1,70005
conv2d_block_rsck,32,128,3,64,64,2,1,1,71060
conv2d_block_rsck,32,128,3,64,64,2,2,1,71106
conv2d_block_rsck,32,128,3,64,64,4,0,1,19560
conv2d_block_rsck,32,128,3,64,64,4,1,1,19572
conv2d_block_rsck,32,128,3,64,64,4,2,1,19448
conv2d_block_rsck,32,128,5,1,1,1,0,1,3373
conv2d_block_rsck,32,128,5,1,1,1,1,1,3490
conv2d_block_rsck,32,128,5,1,1,1,2,1,3620
conv2d_block_rsck,32,128,5,1,1,2,0,1,978
conv2d_block_rsck,32,128,5,1,1,2,1,1,977
conv2d_block_rsck,32,128,5,1,1,2,2,1,1012
conv2d_block_rsck,32,128,5,1,1,4,0,1,279
conv2d_block_rsck,32,128,5,1,1,4,1,1,322
conv2d_block_rsck,32,128,5,1,1,4,2,1,310
conv2d_block_rsck,32,128,5,1,16,1,0,1,7763
conv2d_block_rsck,32,128,5,1,16,1,1,1,8031
conv2d_block_rsck,32,128,5,1,16,1,2,1,8361
conv2d_block_rsck,32,128,5,1,16,2,0,1,2076
conv2d_block_rsck,32,128,5,1,16,2,1,1,2188
conv2d_block_rsck,32,128,5,1,16,2,2,1,2271
conv2d_block_rsck,32,128,5,1,16,4,0,1,615
conv2d_block_rsck,32,128,5,1,16,4,1,1,623
conv2d_block_rsck,32,128,5,1,16,4,2,1,622
conv2d_block_rsck,32,128,5,1,64,1,0,1,30544
conv2d_block_rsck,32,128,5,1,64,1,1,1,31250
conv2d_block_rsck,32,128,5,1,64,1,2,1,32323
conv2d_block_rsck,32,128,5,1,64,2,0,1,7914
conv2d_block_rsck,32,128,5,1,64,2,1,1,8202
conv2d_block_rsck,32,128,5,1,64,2,2,1,8583
conv2d_block_rsck,32,128,5,1,64,4,0,1,2291
conv2d_block_rsck,32,128,5,1,64,4,1,1,2306
conv2d_block_rsck,32,128,5,1,64,4,2,1,2292
conv2d_block_rsck,32,128,5,16,1,1,0,1,19786
conv2d_block_rsck,32,128,5,16,1,1,1,1,20175
conv2d_block_rsck,32,128,5,16,1,1,2,1,21235
conv2d_block_rsck,32,128,5,16,1,2,0,1,5431
conv2d_block_rsck,32,128,5,16,1,2,1,1,5500
conv2d_block_rsck,32,128,5,16,1,2,2,1,5582
conv2d_block_rsck,32,128,5,16,1,4,0,1,1711
conv2d_block_rsck,32,128,5,16,1,4,1,1,1845
conv2d_block_rsck,32,128,5,16,1,4,2,1,1766
conv2d_block_rsck,32,128,5,16,16,1,0,1,47473
conv2d_block_rsck,32,128,5,16,16,1,1,1,48630
conv2d_block_rsck,32,128,5,16,16,1,2,1,51641
conv2d_block_rsck,32,128,5,16,16,2,0,1,12582
conv2d_block_rsck,32,128,5,16,16,2,1,1,12984
conv2d_block_rsck,32,128,5,16,16,2,2,1,13238
conv2d_block_rsck,32,128,5,16,16,4,0,1,3710
conv2d_block_rsck,32,128,5,16,16,4,1,1,3943
conv2d_block_rsck,32,128,5,16,16,4,2,1,3898
conv2d_block_rsck,32,128,5,16,64,1,0,1,188981
conv2d_block_rsck,32,128,5,16,64,1,1,1,193956
conv2d_block_rsck,32,128,5,16,64,1,2,1,203813
conv2d_block_rsck,32,128,5,16,64,2,0,1,49862
conv2d_block_rsck,32,128,5,16,64,2,1,1,51719
conv2d_block_rsck,32,128,5,16,64,2,2,1,52359
conv2d_block_rsck,32,128,5,16,64,4,0,1,13754
conv2d_block_rsck,32,128,5,16,64,4,1,1,14737
conv2d_block_rsck,32,128,5,16,64,4,2,1,14426
conv2d_block_rsck,32,128,5,64,1,1,0,1,69037
conv2d_block_rsck,32,128,5,64,1,1,1,1,71325
conv2d_block_rsck,32,128,5,64,1,1,2,1,78053
conv2d_block_rsck,32,128,5,64,1,2,0,1,19711
conv2d_block_rsck,32,128,5,64,1,2,1,1,19936
conv2d_block_rsck,32,128,5,64,1,2,2,1,20038
conv2d_block_rsck,32,128,5,64,1,4,0,1,5586
conv2d_block_rsck,32,128,5,64,1,4,1,1,5859
conv2d_block_rsck,32,128,5,64,1,4,2,1,5809
conv2d_block_rsck,32,128,5,64,16,1,0,1,172510
conv2d_block_rsck,32,128,5,64,16,1,1,1,176182
conv2d_block_rsck,32,128,5,64,16,1,2,1,185005
conv2d_block_rsck,32,128,5,64,16,2,0,1,47683
conv2d_block_rsck,32,128,5,64,16,2,1,1,48650
conv2d_block_rsck,32,128,5,64,16,2,2,1,48809
conv2d_block_rsck,32,128,5,64,16,4,0,1,13082
conv2d_block_rsck,32,128,5,64,16,4,1,1,13709
conv2d_block_rsck,32,128,5,64,16,4,2,1,13495
conv2d_block_rsck,32,128,5,64,64,1,0,1,682694
conv2d_block_rsck,32,128,5,64,64,1,1,1,707386
conv2d_block_rsck,32,128,5,64,64,1,2,1,747608
conv2d_block_rsck,32,128,5,64,64,2,0,1,179951
conv2d_block_rsck,32,128,5,64,64,2,1,1,185174
conv2d_block_rsck,32,128,5,64,64,2,2,1,187839
conv2d_block_rsck,32,128,5,64,64,4,0,1,49892
conv2d_block_rsck,32,128,5,64,64,4,1,1,51384
conv2d_block_rsck,32,128,5,64,64,4,2,1,51976
conv2d_block_krsc,16,32,1,1,1,1,0,1,58
conv2d_block_krsc,16,32,1,1,1,2,0,1,32
conv2d_block_krsc,16,32,1,1,1,4,0,1,23
conv2d_block_krsc,16,32,1,1,16,1,0,1,157
conv2d_block_krsc,16,32,1,1,16,2,0,1,74
conv2d_block_krsc,16,32,1,1,16,4,0,1,34
conv2d_block_krsc,16,32,1,1,64,1,0,1,600
conv2d_block_krsc,16,32,1,1,64,2,0,1,154
conv2d_block_krsc,16,32,1,1,64,4,0,1,69
conv2d_block_krsc,16,32,1,16,1,1,0,1,67
conv2d_block_krsc,16,32,1,16,1,2,0,1,48
conv2d_block_krsc,16,32,1,16,1,4,0,1,45
conv2d_block_krsc,16,32,1,16,16,1,0,1,194
conv2d_block_krsc,16,32,1,16,16,2,0,1,73
conv2d_block_krsc,16,32,1,16,16,4,0,1,45
conv2d_block_krsc,16,32,1,16,64,1,0,1,613
conv2d_block_krsc,16,32,1,16,64,2,0,1,194
conv2d_block_krsc,16,32,1,16,64,4,0,1,72
conv2d_block_krsc,16,32,1,64,1,1,0,1,111
conv2d_block_krsc,16,32,1,64,1,2,0,1,75
conv2d_block_krsc,16,32,1,64,1,4,0,1,52
conv2d_block_krsc,16,32,1,64,16,1,0,1,375
conv2d_block_krsc,16,32,1,64,16,2,0,1,119
conv2d_block_krsc,16,32,1,64,16,4,0,1,76
conv2d_block_krsc,16,32,1,64,64,1,0,1,1254
conv2d_block_krsc,16,32,1,64,64,2,0,1,333
conv2d_block_krsc,16,32,1,64,64,4,0,1,102
conv2d_block_krsc,16,32,3,1,1,1,0,1,188
conv2d_block_krsc,16,32,3,1,1,1,1,1,172
conv2d_block_krsc,16,32,3,1,1,1,2,1,213
conv2d_block_krsc,16,32,3,1,1,2,0,1,79
conv2d_block_krsc,16,32,3,1,1,2,1,1,68
conv2d_block_krsc,16,32,3,1,1,2,2,1,71
conv2d_block_krsc,16,32,3,1,1,4,0,1,41
conv2d_block_krsc,16,32,3,1,1,4,1,1,32
conv2d_block_krsc,16,32,3,1,1,4,2,1,36
conv2d_block_krsc,16,32,3,1,16,1,0,1,590
conv2d_block_krsc,16,32,3,1,16,1,1,1,672
conv2d_block_krsc,16,32,3,1,16,1,2,1,692
conv2d_block_krsc,16,32,3,1,16,2,0,1,150
conv2d_block_krsc,16,32,3,1,16,2,1,1,218
conv2d_block_krsc,16,32,3,1,16,2,2,1,205
conv2d_block_krsc,16,32,3,1,16,4,0,1,77
conv2d_block_krsc,16,32,3,1,16,4,1,1,66
conv2d_block_krsc,16,32,3,1,16,4,2,1,87
conv2d_block_krsc,16,32,3,1,64,1,0,1,2258
conv2d_block_krsc,16,32,3,1,64,1,1,1,2448
conv2d_block_krsc,16,32,3,1,64,1,2,1,2658
conv2d_block_krsc,16,32,3,1,64,2,0,1,566
conv2d_block_krsc,16,32,3,1,64,2,1,1,631
conv2d_block_krsc,16,32,3,1,64,2,2,1,735
conv2d_block_krsc,16,32,3,1,64,4,0,1,192
conv2d_block_krsc,16,32,3,1,64,4,1,1,166
conv2d_block_krsc,16,32,3,1,64,4,2,1,231
conv2d_block_krsc,16,32,3,16,1,1,0,1,176
conv2d_block_krsc,16,32,3,16,1,1,1,1,180
conv2d_block_krsc,16,32,3,16,1,1,2,1,191
conv2d_block_krsc,16,32,3,16,1,2,0,1,67
conv2d_block_krsc,16,32,3,16,1,2,1,1,68
conv2d_block_krsc,16,32,3,16,1,2,2,1,73
conv2d_block_krsc,16,32,3,16,1,4,0,1,52
conv2d_block_krsc,16,32,3,16,1,4,1,1,57
conv2d_block_krsc,16,32,3,16,1,4,2,1,59
conv2d_block_krsc,16,32,3,16,16,1,0,1,603
conv2d_block_krsc,16,32,3,16,16,1,1,1,630
conv2d_block_krsc,16,32,3,16,16,1,2,1,708
conv2d_block_krsc,16,32,3,16,16,2,0,1,170
conv2d_block_krsc,16,32,3,16,16,2,1,1,226
conv2d_block_krsc,16,32,3,16,16,2,2,1,218
conv2d_block_krsc,16,32,3,16,16,4,0,1,85
conv2d_block_krsc,16,32,3,16,16,4,1,1,80
conv2d_block_krsc,16,32,3,16,16,4,2,1,104
conv2d_block_krsc,16,32,3,16,64,1,0,1,2180
conv2d_block_krsc,16,32,3,16,64,1,1,1,2371
conv2d_block_krsc,16,32,3,16,64,1,2,1,2666
conv2d_block_krsc,16,32,3,16,64,2,0,1,577
conv2d_block_krsc,16,32,3,16,64,2,1,1,631
conv2d_block_krsc,16,32,3,16,64,2,2,1,716
conv2d_block_krsc,16,32,3,16,64,4,0,1,207
conv2d_block_krsc,16,32,3,16,64,4,1,1,189
conv2d_block_krsc,16,32,3,16,64,4,2,1,236
conv2d_block_krsc,16,32,3,64,1,1,0,1,435
conv2d_block_krsc,16,32,3,64,1,1,1,1,452
conv2d_block_krsc,16,32,3,64,1,1,2,1,495
conv2d_block_krsc,16,32,3,64,1,2,0,1,155
conv2d_block_krsc,16,32,3,64,1,2,1,1,167
conv2d_block_krsc,16,32,3,64,1,2,2,1,195
conv2d_block_krsc,16,32,3,64,1,4,0,1,77
conv2d_block_krsc,16,32,3,64,1,4,1,1,82
conv2d_block_krsc,16,32,3,64,1,4,2,1,401
conv2d_block_krsc,16,32,3,64,16,1,0,1,2037
conv2d_block_krsc,16,32,3,64,16,1,1,1,1984
conv2d_block_krsc,16,32,3,64,16,1,2,1,2216
conv2d_block_krsc,16,32,3,64,16,2,0,1,529
conv2d_block_krsc,16,32,3,64,16,2,1,1,567
conv2d_block_krsc,16,32,3,64,16,2,2,1,620
conv2d_block_krsc,16,32,3,64,16,4,0,1,189
conv2d_block_krsc,16,32,3,64,16,4,1,1,176
conv2d_block_krsc,16,32,3,64,16,4,2,1,246
conv2d_block_krsc,16,32,3,64,64,1,0,1,7213
conv2d_block_krsc,16,32,3,64,64,1,1,1,7700
conv2d_block_krsc,16,32,3,64,64,1,2,1,8626
conv2d_block_krsc,16,32,3,64,64,2,0,1,1960
conv2d_block_krsc,16,32,3,64,64,2,1,1,2041
conv2d_block_krsc,16,32,3,64,64,2,2,1,2339
conv2d_block_krsc,16,32,3,64,64,4,0,1,547
conv2d_block_krsc,16,32,3,64,64,4,1,1,562
conv2d_block_krsc,16,32,3,64,64,4,2,1,721
conv2d_block_krsc,16,32,5,1,1,1,0,1,374
conv2d_block_krsc,16,32,5,1,1,1,1,1,462
conv2d_block_krsc,16,32,5,1,1,1,2,1,446
conv2d_block_krsc,16,32,5,1,1,2,0,1,107
conv2d_block_krsc,16,32,5,1,1,2,1,1,117
conv2d_block_krsc,16,32,5,1,1,2,2,1,129
conv2d_block_krsc,16,32,5,1,1,4,0,1,47
conv2d_block_krsc,16,32,5,1,1,4,1,1,57
conv2d_block_krsc,16,32,5,1,1,4,2,1,48
conv2d_block_krsc,16,32,5,1,16,1,0,1,1219
conv2d_block_krsc,16,32,5,1,16,1,1,1,1365
conv2d_block_krsc,16,32,5,1,16,1,2,1,1485
conv2d_block_krsc,16,32,5,1,16,2,0,1,334
conv2d_block_krsc,16,32,5,1,16,2,1,1,374
conv2d_block_krsc,16,32,5,1,16,2,2,1,402
conv2d_block_krsc,16,32,5,1,16,4,0,1,120
conv2d_block_krsc,16,32,5,1,16,4,1,1,118
conv2d_block_krsc,16,32,5,1,16,4,2,1,117
conv2d_block_krsc,16,32,5,1,64,1,0,1,4764
conv2d_block_krsc,16,32,5,1,64,1,1,1,5266
conv2d_block_krsc,16,32,5,1,64,1,2,1,5824
conv2d_block_krsc,16,32,5,1,64,2,0,1,1241
conv2d_block_krsc,16,32,5,1,64,2,1,1,1397
conv2d_block_krsc,16,32,5,1,64,2,2,1,1502
conv2d_block_krsc,16,32,5,1,64,4,0,1,335
conv2d_block_krsc,16,32,5,1,64,4,1,1,404
conv2d_block_krsc,16,32,5,1,64,4,2,1,404
conv2d_block_krsc,16,32,5,16,1,1,0,1,323
conv2d_block_krsc,16,32,5,16,1,1,1,1,355
conv2d_block_krsc,16,32,5,16,1,1,2,1,379
conv2d_block_krsc,16,32,5,16,1,2,0,1,108
conv2d_block_krsc,16,32,5,16,1,2,1,1,116
conv2d_block_krsc,16,32,5,16,1,2,2,1,125
conv2d_block_krsc,16,32,5,16,1,4,0,1,65
conv2d_block_krsc,16,32,5,16,1,4,1,1,55
conv2d_block_krsc,16,32,5,16,1,4,2,1,55
conv2d_block_krsc,16,32,5,16,16,1,0,1,1317
conv2d_block_krsc,16,32,5,16,16,1,1,1,1439
conv2d_block_krsc,16,32,5,16,16,1,2,1,1496
conv2d_block_krsc,16,32,5,16,16,2,0,1,365
conv2d_block_krsc,16,32,5,16,16,2,1,1,472
conv2d_block_krsc,16,32,5,16,16,2,2,1,518
conv2d_block_krsc,16,32,5,16,16,4,0,1,139
conv2d_block_krsc,16,32,5,16,16,4,1,1,186
conv2d_block_krsc,16,32,5,16,16,4,2,1,130
conv2d_block_krsc,16,32,5,16,64,1,0,1,4988
conv2d_block_krsc,16,32,5,16,64,1,1,1,5499
conv2d_block_krsc,16,32,5,16,64,1,2,1,5894
conv2d_block_krsc,16,32,5,16,64,2,0,1,1299
conv2d_block_krsc,16,32,5,16,64,2,1,1,1393
conv2d_block_krsc,16,32,5,16,64,2,2,1,1487
conv2d_block_krsc,16,32,5,16,64,4,0,1,364
conv2d_block_krsc,16,32,5,16,64,4,1,1,469
conv2d_block_krsc,16,32,5,16,64,4,2,1,427
conv2d_block_krsc,16,32,5,64,1,1,0,1,927
conv2d_block_krsc,16,32,5,64,1,1,1,1,1043
conv2d_block_krsc,16,32,5,64,1,1,2,1,1073
conv2d_block_krsc,16,32,5,64,1,2,0,1,277
conv2d_block_krsc,16,32,5,64,1,2,1,1,317
conv2d_block_krsc,16,32,5,64,1,2,2,1,337
conv2d_block_krsc,16,32,5,64,1,4,0,1,100
conv2d_block_krsc,16,32,5,64,1,4,1,1,117
conv2d_block_krsc,16,32,5,64,1,4,2,1,117
conv2d_block_krsc,16,32,5,64,16,1,0,1,4353
conv2d_block_krsc,16,32,5,64,16,1,1,1,4718
conv2d_block_krsc,16,32,5,64,16,1,2,1,5077
conv2d_block_krsc,16,32,5,64,16,2,0,1,1182
conv2d_block_krsc,16,32,5,64,16,2,1,1,1216
conv2d_block_krsc,16,32,5,64,16,2,2,1,1327
conv2d_block_krsc,16,32,5,64,16,4,0,1,314
conv2d_block_krsc,16,32,5,64,16,4,1,1,397
conv2d_block_krsc,16,32,5,64,16,4,2,1,376
conv2d_block_krsc,16,32,5,64,64,1,0,1,17430
conv2d_block_krsc,16,32,5,64,64,1,1,1,18808
conv2d_block_krsc,16,32,5,64,64,1,2,1,20070
conv2d_block_krsc,16,32,5,64,64,2,0,1,4330
conv2d_block_krsc,16,32,5,64,64,2,1,1,4708
conv2d_block_krsc,16,32,5,64,64,2,2,1,5130
conv2d_block_krsc,16,32,5,64,64,4,0,1,1106
conv2d_block_krsc,16,32,5,64,64,4,1,1,1382
conv2d_block_krsc,16,32,5,64,64,4,2,1,1449
conv2d_block_krsc,16,64,1,1,1,1,0,1,154
conv2d_block_krsc,16,64,1,1,1,2,0,1,52
conv2d_block_krsc,16,64,1,1,1,4,0,1,27
conv2d_block_krsc,16,64,1,1,16,1,0,1,601
conv2d_block_krsc,16,64,1,1,16,2,0,1,152
conv2d_block_krsc,16,64,1,1,16,4,0,1,68
conv2d_block_krsc,16,64,1,1,64,1,0,1,2256
conv2d_block_krsc,16,64,1,1,64,2,0,1,561
conv2d_block_krsc,16,64,1,1,64,4,0,1,150
conv2d_block_krsc,16,64,1,16,1,1,0,1,160
conv2d_block_krsc,16,64,1,16,1,2,0,1,77
conv2d_block_krsc,16,64,1,16,1,4,0,1,51
conv2d_block_krsc,16,64,1,16,16,1,0,1,685
conv2d_block_krsc,16,64,1,16,16,2,0,1,206
conv2d_block_krsc,16,64,1,16,16,4,0,1,97
conv2d_block_krsc,16,64,1,16,64,1,0,1,2266
conv2d_block_krsc,16,64,1,16,64,2,0,1,641
conv2d_block_krsc,16,64,1,16,64,4,0,1,173
conv2d_block_krsc,16,64,1,64,1,1,0,1,306
conv2d_block_krsc,16,64,1,64,1,2,0,1,164
conv2d_block_krsc,16,64,1,64,1,4,0,1,105
conv2d_block_krsc,16,64,1,64,16,1,0,1,1233
conv2d_block_krsc,16,64,1,64,16,2,0,1,397
conv2d_block_krsc,16,64,1,64,16,4,0,1,168
conv2d_block_krsc,16,64,1,64,64,1,0,1,4572
conv2d_block_krsc,16,64,1,64,64,2,0,1,1261
conv2d_block_krsc,16,64,1,64,64,4,0,1,326
conv2d_block_krsc,16,64,3,1,1,1,0,1,636
conv2d_block_krsc,16,64,3,1,1,1,1,1,672
conv2d_block_krsc,16,64,3,1,1,1,2,1,689
conv2d_block_krsc,16,64,3,1,1,2,0,1,193
conv2d_block_krsc,16,64,3,1,1,2,1,1,203
conv2d_block_krsc,16,64,3,1,1,2,2,1,208
conv2d_block_krsc,16,64,3,1,1,4,0,1,68
conv2d_block_krsc,16,64,3,1,1,4,1,1,72
conv2d_block_krsc,16,64,3,1,1,4,2,1,71
conv2d_block_krsc,16,64,3,1,16,1,0,1,2371
conv2d_block_krsc,16,64,3,1,16,1,1,1,2482
conv2d_block_krsc,16,64,3,1,16,1,2,1,2577
conv2d_block_krsc,16,64,3,1,16,2,0,1,608
conv2d_block_krsc,16,64,3,1,16,2,1,1,667
conv2d_block_krsc,16,64,3,1,16,2,2,1,687
conv2d_block_krsc,16,64,3,1,16,4,0,1,198
conv2d_block_krsc,16,64,3,1,16,4,1,1,210
conv2d_block_krsc,16,64,3,1,16,4,2,1,202
conv2d_block_krsc,16,64,3,1,64,1,0,1,8699
conv2d_block_krsc,16,64,3,1,64,1,1,1,9535
conv2d_block_krsc,16,64,3,1,64,1,2,1,10066
conv2d_block_krsc,16,64,3,1,64,2,0,1,2373
conv2d_block_krsc,16,64,3,1,64,2,1,1,2533
conv2d_block_krsc,16,64,3,1,64,2,2,1,2597
conv2d_block_krsc,16,64,3,1,64,4,0,1,640
conv2d_block_krsc,16,64,3,1,64,4,1,1,650
conv2d_block_krsc,16,64,3,1,64,4,2,1,716
conv2d_block_krsc,16,64,3,16,1,1,0,1,559
conv2d_block_krsc,16,64,3,16,1,1,1,1,561
conv2d_block_krsc,16,64,3,16,1,1,2,1,596
conv2d_block_krsc,16,64,3,16,1,2,0,1,177
conv2d_block_krsc,16,64,3,16,1,2,1,1,180
conv2d_block_krsc,16,64,3,16,1,2,2,1,203
conv2d_block_krsc,16,64,3,16,1,4,0,1,90
conv2d_block_krsc,16,64,3,16,1,4,1,1,85
conv2d_block_krsc,16,64,3,16,1,4,2,1,84
conv2d_block_krsc,16,64,3,16,16,1,0,1,2409
conv2d_block_krsc,16,64,3,16,16,1,1,1,2453
conv2d_block_krsc,16,64,3,16,16,1,2,1,2589
conv2d_block_krsc,16,64,3,16,16,2,0,1,650
conv2d_block_krsc,16,64,3,16,16,2,1,1,673
conv2d_block_krsc,16,64,3,16,16,2,2,1,719
conv2d_block_krsc,16,64,3,16,16,4,0,1,213
conv2d_block_krsc,16,64,3,16,16,4,1,1,212
conv2d_block_krsc,16,64,3,16,16,4,2,1,218
conv2d_block_krsc,16,64,3,16,64,1,0,1,8675
conv2d_block_krsc,16,64,3,16,64,1,1,1,9525
conv2d_block_krsc,16,64,3,16,64,1,2,1,10115
conv2d_block_krsc,16,64,3,16,64,2,0,1,2378
conv2d_block_krsc,16,64,3,16,64,2,1,1,2469
conv2d_block_krsc,16,64,3,16,64,2,2,1,2606
conv2d_block_krsc,16,64,3,16,64,4,0,1,632
conv2d_block_krsc,16,64,3,16,64,4,1,1,656
conv2d_block_krsc,16,64,3,16,64,4,2,1,738
conv2d_block_krsc,16,64,3,64,1,1,0,1,1574
conv2d_block_krsc,16,64,3,64,1,1,1,1,1618
conv2d_block_krsc,16,64,3,64,1,1,2,1,1697
conv2d_block_krsc,16,64,3,64,1,2,0,1,496
conv2d_block_krsc,16,64,3,64,1,2,1,1,513
conv2d_block_krsc,16,64,3,64,1,2,2,1,568
conv2d_block_krsc,16,64,3,64,1,4,0,1,248
conv2d_block_krsc,16,64,3,64,1,4,1,1,233
conv2d_block_krsc,16,64,3,64,1,4,2,1,235
conv2d_block_krsc,16,64,3,64,16,1,0,1,7461
conv2d_block_krsc,16,64,3,64,16,1,1,1,7878
conv2d_block_krsc,16,64,3,64,16,1,2,1,8690
conv2d_block_krsc,16,64,3,64,16,2,0,1,1924
conv2d_block_krsc,16,64,3,64,16,2,1,1,2042
conv2d_block_krsc,16,64,3,64,16,2,2,1,2235
conv2d_block_krsc,16,64,3,64,16,4,0,1,588
conv2d_block_krsc,16,64,3,64,16,4,1,1,587
conv2d_block_krsc,16,64,3,64,16,4,2,1,677
conv2d_block_krsc,16,64,3,64,64,1,0,1,28970
conv2d_block_krsc,16,64,3,64,64,1,1,1,30962
conv2d_block_krsc,16,64,3,64,64,1,2,1,32380
conv2d_block_krsc,16,64,3,64,64,2,0,1,7583
conv2d_block_krsc,16,64,3,64,64,2,1,1,8053
conv2d_block_krsc,16,64,3,64,64,2,2,1,8676
conv2d_block_krsc,16,64,3,64,64,4,0,1,2107
conv2d_block_krsc,16,64,3,64,64,4,1,1,2004
conv2d_block_krsc,16,64,3,64,64,4,2,1,2324
conv2d_block_krsc,16,64,5,1,1,1,0,1,1368
conv2d_block_krsc,16,64,5,1,1,1,1,1,1455
conv2d_block_krsc,16,64,5,1,1,1,2,1,1495
conv2d_block_krsc,16,64,5,1,1,2,0,1,417
conv2d_block_krsc,16,64,5,1,1,2,1,1,437
conv2d_block_krsc,16,64,5,1,1,2,2,1,438
conv2d_block_krsc,16,64,5,1,1,4,0,1,115
conv2d_block_krsc,16,64,5,1,1,4,1,1,113
conv2d_block_krsc,16,64,5,1,1,4,2,1,123
conv2d_block_krsc,16,64,5,1,16,1,0,1,5385
conv2d_block_krsc,16,64,5,1,16,1,1,1,5713
conv2d_block_krsc,16,64,5,1,16,1,2,1,5943
conv2d_block_krsc,16,64,5,1,16,2,0,1,1409
conv2d_block_krsc,16,64,5,1,16,2,1,1,1454
conv2d_block_krsc,16,64,5,1,16,2,2,1,1538
conv2d_block_krsc,16,64,5,1,16,4,0,1,364
conv2d_block_krsc,16,64,5,1,16,4,1,1,451
conv2d_block_krsc,16,64,5,1,16,4,2,1,415
conv2d_block_krsc,16,64,5,1,64,1,0,1,20485
conv2d_block_krsc,16,64,5,1,64,1,1,1,20999
conv2d_block_krsc,16,64,5,1,64,1,2,1,22445
conv2d_block_krsc,16,64,5,1,64,2,0,1,5374
conv2d_block_krsc,16,64,5,1,64,2,1,1,5612
conv2d_block_krsc,16,64,5,1,64,2,2,1,5971
conv2d_block_krsc,16,64,5,1,64,4,0,1,1377
conv2d_block_krsc,16,64,5,1,64,4,1,1,1557
conv2d_block_krsc,16,64,5,1,64,4,2,1,1493
conv2d_block_krsc,16,64,5,16,1,1,0,1,1196
conv2d_block_krsc,16,64,5,16,1,1,1,1,1225
conv2d_block_krsc,16,64,5,16,1,1,2,1,1268
conv2d_block_krsc,16,64,5,16,1,2,0,1,369
conv2d_block_krsc,16,64,5,16,1,2,1,1,360
conv2d_block_krsc,16,64,5,16,1,2,2,1,391
conv2d_block_krsc,16,64,5,16,1,4,0,1,112
conv2d_block_krsc,16,64,5,16,1,4,1,1,124
conv2d_block_krsc,16,64,5,16,1,4,2,1,146
conv2d_block_krsc,16,64,5,16,16,1,0,1,5603
conv2d_block_krsc,16,64,5,16,16,1,1,1,5837
conv2d_block_krsc,16,64,5,16,16,1,2,1,6038
conv2d_block_krsc,16,64,5,16,16,2,0,1,1474
conv2d_block_krsc,16,64,5,16,16,2,1,1,1510
conv2d_block_krsc,16,64,5,16,16,2,2,1,1565
conv2d_block_krsc,16,64,5,16,16,4,0,1,424
conv2d_block_krsc,16,64,5,16,16,4,1,1,407
conv2d_block_krsc,16,64,5,16,16,4,2,1,439
conv2d_block_krsc,16,64,5,16,64,1,0,1,21325
conv2d_block_krsc,16,64,5,16,64,1,1,1,22553
conv2d_block_krsc,16,64,5,16,64,1,2,1,23665
conv2d_block_krsc,16,64,5,16,64,2,0,1,5554
conv2d_block_krsc,16,64,5,16,64,2,1,1,5826
conv2d_block_krsc,16,64,5,16,64,2,2,1,6079
conv2d_block_krsc,16,64,5,16,64,4,0,1,1485
conv2d_block_krsc,16,64,5,16,64,4,1,1,1607
conv2d_block_krsc,16,64,5,16,64,4,2,1,1556
conv2d_block_krsc,16,64,5,64,1,1,0,1,3680
conv2d_block_krsc,16,64,5,64,1,1,1,1,3872
conv2d_block_krsc,16,64,5,64,1,1,2,1,3933
conv2d_block_krsc,16,64,5,64,1,2,0,1,997
conv2d_block_krsc,16,64,5,64,1,2,1,1,1069
conv2d_block_krsc,16,64,5,64,1,2,2,1,1138
conv2d_block_krsc,16,64,5,64,1,4,0,1,348
conv2d_block_krsc,16,64,5,64,1,4,1,1,399
conv2d_block_krsc,16,64,5,64,1,4,2,1,358
conv2d_block_krsc,16,64,5,64,16,1,0,1,19278
conv2d_block_krsc,16,64,5,64,16,1,1,1,20154
conv2d_block_krsc,16,64,5,64,16,1,2,1,20872
conv2d_block_krsc,16,64,5,64,16,2,0,1,4808
conv2d_block_krsc,16,64,5,64,16,2,1,1,5042
conv2d_block_krsc,16,64,5,64,16,2,2,1,5278
conv2d_block_krsc,16,64,5,64,16,4,0,1,1308
conv2d_block_krsc,16,64,5,64,16,4,1,1,1444
conv2d_block_krsc,16,64,5,64,16,4,2,1,1469
conv2d_block_krsc,16,64,5,64,64,1,0,1,70560
conv2d_block_krsc,16,64,5,64,64,1,1,1,75441
conv2d_block_krsc,16,64,5,64,64,1,2,1,78464
conv2d_block_krsc,16,64,5,64,64,2,0,1,19411
conv2d_block_krsc,16,64,5,64,64,2,1,1,20182
conv2d_block_krsc,16,64,5,64,64,2,2,1,20806
conv2d_block_krsc,16,64,5,64,64,4,0,1,4885
conv2d_block_krsc,16,64,5,64,64,4,1,1,5366
conv2d_block_krsc,16,64,5,64,64,4,2,1,5280
conv2d_block_krsc,16,128,1,1,1,1,0,1,521
conv2d_block_krsc,16,128,1,1,1,2,0,1,172
conv2d_block_krsc,16,128,1,1,1,4,0,1,74
conv2d_block_krsc,16,128,1,1,16,1,0,1,2198
conv2d_block_krsc,16,128,1,1,16,2,0,1,571
conv2d_block_krsc,16,128,1,1,16,4,0,1,165
conv2d_block_krsc,16,128,1,1,64,1,0,1,8308
conv2d_block_krsc,16,128,1,1,64,2,0,1,2258
conv2d_block_krsc,16,128,1,1,64,4,0,1,569
conv2d_block_krsc,16,128,1,16,1,1,0,1,506
conv2d_block_krsc,16,128,1,16,1,2,0,1,209
conv2d_block_krsc,16,128,1,16,1,4,0,1,113
conv2d_block_krsc,16,128,1,16,16,1,0,1,2217
conv2d_block_krsc,16,128,1,16,16,2,0,1,641
conv2d_block_krsc,16,128,1,16,16,4,0,1,212
conv2d_block_krsc,16,128,1,16,64,1,0,1,8571
conv2d_block_krsc,16,128,1,16,64,2,0,1,2219
conv2d_block_krsc,16,128,1,16,64,4,0,1,619
conv2d_block_krsc,16,128,1,64,1,1,0,1,917
conv2d_block_krsc,16,128,1,64,1,2,0,1,526
conv2d_block_krsc,16,128,1,64,1,4,0,1,218
conv2d_block_krsc,16,128,1,64,16,1,0,1,4534
conv2d_block_krsc,16,128,1,64,16,2,0,1,1348
conv2d_block_krsc,16,128,1,64,16,4,0,1,396
conv2d_block_krsc,16,128,1,64,64,1,0,1,17749
conv2d_block_krsc,16,128,1,64,64,2,0,1,4583
conv2d_block_krsc,16,128,1,64,64,4,0,1,1258
conv2d_block_krsc,16,128,3,1,1,1,0,1,2264
conv2d_block_krsc,16,128,3,1,1,1,1,1,2306
conv2d_block_krsc,16,128,3,1,1,1,2,1,2379
conv2d_block_krsc,16,128,3,1,1,2,0,1,649
conv2d_block_krsc,16,128,3,1,1,2,1,1,683
conv2d_block_krsc,16,128,3,1,1,2,2,1,658
conv2d_block_krsc,16,128,3,1,1,4,0,1,206
conv2d_block_krsc,16,128,3,1,1,4,1,1,207
conv2d_block_krsc,16,128,3,1,1,4,2,1,210
conv2d_block_krsc,16,128,3,1,16,1,0,1,9311
conv2d_block_krsc,16,128,3,1,16,1,1,1,9682
conv2d_block_krsc,16,128,3,1,16,1,2,1,10050
conv2d_block_krsc,16,128,3,1,16,2,0,1,2452
conv2d_block_krsc,16,128,3,1,16,2,1,1,2493
conv2d_block_krsc,16,128,3,1,16,2,2,1,2576
conv2d_block_krsc,16,128,3,1,16,4,0,1,645
conv2d_block_krsc,16,128,3,1,16,4,1,1,653
conv2d_block_krsc,16,128,3,1,16,4,2,1,691
conv2d_block_krsc,16,128,3,1,64,1,0,1,35595
conv2d_block_krsc,16,128,3,1,64,1,1,1,36087
conv2d_block_krsc,16,128,3,1,64,1,2,1,36680
conv2d_block_krsc,16,128,3,1,64,2,0,1,9462
conv2d_block_krsc,16,128,3,1,64,2,1,1,9688
conv2d_block_krsc,16,128,3,1,64,2,2,1,9887
conv2d_block_krsc,16,128,3,1,64,4,0,1,2543
conv2d_block_krsc,16,128,3,1,64,4,1,1,2506
conv2d_block_krsc,16,128,3,1,64,4,2,1,2585
conv2d_block_krsc,16,128,3,16,1,1,0,1,1893
conv2d_block_krsc,16,128,3,16,1,1,1,1,1948
conv2d_block_krsc,16,128,3,16,1,1,2,1,2004
conv2d_block_krsc,16,128,3,16,1,2,0,1,625
conv2d_block_krsc,16,128,3,16,1,2,1,1,552
conv2d_block_krsc,16,128,3,16,1,2,2,1,604
conv2d_block_krsc,16,128,3,16,1,4,0,1,310
conv2d_block_krsc,16,128,3,16,1,4,1,1,242
conv2d_block_krsc,16,128,3,16,1,4,2,1,290
conv2d_block_krsc,16,128,3,16,16,1,0,1,9307
conv2d_block_krsc,16,128,3,16,16,1,1,1,9425
conv2d_block_krsc,16,128,3,16,16,1,2,1,9846
conv2d_block_krsc,16,128,3,16,16,2,0,1,2443
conv2d_block_krsc,16,128,3,16,16,2,1,1,2457
conv2d_block_krsc,16,128,3,16,16,2,2,1,2597
conv2d_block_krsc,16,128,3,16,16,4,0,1,685
conv2d_block_krsc,16,128,3,16,16,4,1,1,685
conv2d_block_krsc,16,128,3,16,16,4,2,1,746
conv2d_block_krsc,16,128,3,16,64,1,0,1,36778
conv2d_block_krsc,16,128,3,16,64,1,1,1,37665
conv2d_block_krsc,16,128,3,16,64,1,2,1,38148
conv2d_block_krsc,16,128,3,16,64,2,0,1,9279
conv2d_block_krsc,16,128,3,16,64,2,1,1,9538
conv2d_block_krsc,16,128,3,16,64,2,2,1,9876
conv2d_block_krsc,16,128,3,16,64,4,0,1,2493
conv2d_block_krsc,16,128,3,16,64,4,1,1,2509
conv2d_block_krsc,16,128,3,16,64,4,2,1,2637
conv2d_block_krsc,16,128,3,64,1,1,0,1,5745
conv2d_block_krsc,16,128,3,64,1,1,1,1,5889
conv2d_block_krsc,16,128,3,64,1,1,2,1,6132
conv2d_block_krsc,16,128,3,64,1,2,0,1,1906
conv2d_block_krsc,16,128,3,64,1,2,1,1,1931
conv2d_block_krsc,16,128,3,64,1,2,2,1,2005
conv2d_block_krsc,16,128,3,64,1,4,0,1,919
conv2d_block_krsc,16,128,3,64,1,4,1,1,912
conv2d_block_krsc,16,128,3,64,1,4,2,1,933
conv2d_block_krsc,16,128,3,64,16,1,0,1,30296
conv2d_block_krsc,16,128,3,64,16,1,1,1,30371
conv2d_block_krsc,16,128,3,64,16,1,2,1,31976
conv2d_block_krsc,16,128,3,64,16,2,0,1,7831
conv2d_block_krsc,16,128,3,64,16,2,1,1,8030
conv2d_block_krsc,16,128,3,64,16,2,2,1,8340
conv2d_block_krsc,16,128,3,64,16,4,0,1,2278
conv2d_block_krsc,16,128,3,64,16,4,1,1,2242
conv2d_block_krsc,16,128,3,64,16,4,2,1,2436
conv2d_block_krsc,16,128,3,64,64,1,0,1,112604
conv2d_block_krsc,16,128,3,64,64,1,1,1,116214
conv2d_block_krsc,16,128,3,64,64,1,2,1,119264
conv2d_block_krsc,16,128,3,64,64,2,0,1,31074
conv2d_block_krsc,16,128,3,64,64,2,1,1,31494
conv2d_block_krsc,16,128,3,64,64,2,2,1,32441
conv2d_block_krsc,16,128,3,64,64,4,0,1,8198
conv2d_block_krsc,16,128,3,64,64,4,1,1,7992
conv2d_block_krsc,16,128,3,64,64,4,2,1,8741
conv2d_block_krsc,16,128,5,1,1,1,0,1,5444
conv2d_block_krsc,16,128,5,1,1,1,1,1,5580
conv2d_block_krsc,16,128,5,1,1,1,2,1,5655
conv2d_block_krsc,16,128,5,1,1,2,0,1,1432
conv2d_block_krsc,16,128,5,1,1,2,1,1,1463
conv2d_block_krsc,16,128,5,1,1,2,2,1,1511
conv2d_block_krsc,16,128,5,1,1,4,0,1,449
conv2d_block_krsc,16,128,5,1,1,4,1,1,463
conv2d_block_krsc,16,128,5,1,1,4,2,1,466
conv2d_block_krsc,16,128,5,1,16,1,0,1,21485
conv2d_block_krsc,16,128,5,1,16,1,1,1,21762
conv2d_block_krsc,16,128,5,1,16,1,2,1,22726
conv2d_block_krsc,16,128,5,1,16,2,0,1,5718
conv2d_block_krsc,16,128,5,1,16,2,1,1,5860
conv2d_block_krsc,16,128,5,1,16,2,2,1,5980
conv2d_block_krsc,16,128,5,1,16,4,0,1,1480
conv2d_block_krsc,16,128,5,1,16,4,1,1,1547
conv2d_block_krsc,16,128,5,1,16,4,2,1,1533
conv2d_block_krsc,16,128,5,1,64,1,0,1,80870
conv2d_block_krsc,16,128,5,1,64,1,1,1,82426
conv2d_block_krsc,16,128,5,1,64,1,2,1,84034
conv2d_block_krsc,16,128,5,1,64,2,0,1,21198
conv2d_block_krsc,16,128,5,1,64,2,1,1,21854
conv2d_block_krsc,16,128,5,1,64,2,2,1,22762
conv2d_block_krsc,16,128,5,1,64,4,0,1,5715
conv2d_block_krsc,16,128,5,1,64,4,1,1,6014
conv2d_block_krsc,16,128,5,1,64,4,2,1,5932
conv2d_block_krsc,16,128,5,16,1,1,0,1,4408
conv2d_block_krsc,16,128,5,16,1,1,1,1,4509
conv2d_block_krsc,16,128,5,16,1,1,2,1,4532
conv2d_block_krsc,16,128,5,16,1,2,0,1,1254
conv2d_block_krsc,16,128,5,16,1,2,1,1,1272
conv2d_block_krsc,16,128,5,16,1,2,2,1,1303
conv2d_block_krsc,16,128,5,16,1,4,0,1,413
conv2d_block_krsc,16,128,5,16,1,4,1,1,426
conv2d_block_krsc,16,128,5,16,1,4,2,1,405
conv2d_block_krsc,16,128,5,16,16,1,0,1,22702
conv2d_block_krsc,16,128,5,16,16,1,1,1,23359
conv2d_block_krsc,16,128,5,16,16,1,2,1,23945
conv2d_block_krsc,16,128,5,16,16,2,0,1,5887
conv2d_block_krsc,16,128,5,16,16,2,1,1,6221
conv2d_block_krsc,16,128,5,16,16,2,2,1,6227
conv2d_block_krsc,16,128,5,16,16,4,0,1,1531
conv2d_block_krsc,16,128,5,16,16,4,1,1,1650
conv2d_block_krsc,16,128,5,16,16,4,2,1,1622
conv2d_block_krsc,16,128,5,16,64,1,0,1,85564
conv2d_block_krsc,16,128,5,16,64,1,1,1,88363
conv2d_block_krsc,16,128,5,16,64,1,2,1,90657
conv2d_block_krsc,16,128,5,16,64,2,0,1,22583
conv2d_block_krsc,16,128,5,16,64,2,1,1,23631
conv2d_block_krsc,16,128,5,16,64,2,2,1,23676
conv2d_block_krsc,16,128,5,16,64,4,0,1,6033
conv2d_block_krsc,16,128,5,16,64,4,1,1,6279
conv2d_block_krsc,16,128,5,16,64,4,2,1,6203
conv2d_block_krsc,16,128,5,64,1,1,0,1,14691
conv2d_block_krsc,16,128,5,64,1,1,1,1,15437
conv2d_block_krsc,16,128,5,64,1,1,2,1,15327
conv2d_block_krsc,16,128,5,64,1,2,0,1,3997
conv2d_block_krsc,16,128,5,64,1,2,1,1,4080
conv2d_block_krsc,16,128,5,64,1,2,2,1,4119
conv2d_block_krsc,16,128,5,64,1,4,0,1,1563
conv2d_block_krsc,16,128,5,64,1,4,1,1,1625
conv2d_block_krsc,16,128,5,64,1,4,2,1,1610
conv2d_block_krsc,16,128,5,64,16,1,0,1,75471
conv2d_block_krsc,16,128,5,64,16,1,1,1,78197
conv2d_block_krsc,16,128,5,64,16,1,2,1,80568
conv2d_block_krsc,16,128,5,64,16,2,0,1,20308
conv2d_block_krsc,16,128,5,64,16,2,1,1,20978
conv2d_block_krsc,16,128,5,64,16,2,2,1,21142
conv2d_block_krsc,16,128,5,64,16,4,0,1,5353
conv2d_block_krsc,16,128,5,64,16,4,1,1,5648
conv2d_block_krsc,16,128,5,64,16,4,2,1,5614
conv2d_block_krsc,16,128,5,64,64,1,0,1,291099
conv2d_block_krsc,16,128,5,64,64,1,1,1,298459
conv2d_block_krsc,16,128,5,64,64,1,2,1,305651
conv2d_block_krsc,16,128,5,64,64,2,0,1,75570
conv2d_block_krsc,16,128,5,64,64,2,1,1,78102
conv2d_block_krsc,16,128,5,64,64,2,2,1,79227
conv2d_block_krsc,16,128,5,64,64,4,0,1,20624
conv2d_block_krsc,16,128,5,64,64,4,1,1,21623
conv2d_block_krsc,16,128,5,64,64,4,2,1,21699
conv2d_block_krsc,32,32,1,1,1,1,0,1,80
conv2d_block_krsc,32,32,1,1,1,2,0,1,39
conv2d_block_krsc,32,32,1,1,1,4,0,1,28
conv2d_block_krsc,32,32,1,1,16,1,0,1,354
conv2d_block_krsc,32,32,1,1,16,2,0,1,97
conv2d_block_krsc,32,32,1,1,16,4,0,1,47
conv2d_block_krsc,32,32,1,1,64,1,0,1,1147
conv2d_block_krsc,32,32,1,1,64,2,0,1,326
conv2d_block_krsc,32,32,1,1,64,4,0,1,99
conv2d_block_krsc,32,32,1,16,1,1,0,1,74
conv2d_block_krsc,32,32,1,16,1,2,0,1,57
conv2d_block_krsc,32,32,1,16,1,4,0,1,45
conv2d_block_krsc,32,32,1,16,16,1,0,1,366
conv2d_block_krsc,32,32,1,16,16,2,0,1,120
conv2d_block_krsc,32,32,1,16,16,4,0,1,60
conv2d_block_krsc,32,32,1,16,64,1,0,1,1173
conv2d_block_krsc,32,32,1,16,64,2,0,1,358
conv2d_block_krsc,32,32,1,16,64,4,0,1,108
conv2d_block_krsc,32,32,1,64,1,1,0,1,182
conv2d_block_krsc,32,32,1,64,1,2,0,1,122
conv2d_block_krsc,32,32,1,64,1,4,0,1,73
conv2d_block_krsc,32,32,1,64,16,1,0,1,685
conv2d_block_krsc,32,32,1,64,16,2,0,1,246
conv2d_block_krsc,32,32,1,64,16,4,0,1,115
conv2d_block_krsc,32,32,1,64,64,1,0,1,2329
conv2d_block_krsc,32,32,1,64,64,2,0,1,672
conv2d_block_krsc,32,32,1,64,64,4,0,1,212
conv2d_block_krsc,32,32,3,1,1,1,0,1,267
conv2d_block_krsc,32,32,3,1,1,1,1,1,319
conv2d_block_krsc,32,32,3,1,1,1,2,1,311
conv2d_block_krsc,32,32,3,1,1,2,0,1,92
conv2d_block_krsc,32,32,3,1,1,2,1,1,95
conv2d_block_krsc,32,32,3,1,1,2,2,1,111
conv2d_block_krsc,32,32,3,1,1,4,0,1,49
conv2d_block_krsc,32,32,3,1,1,4,1,1,47
conv2d_block_krsc,32,32,3,1,1,4,2,1,56
conv2d_block_krsc,32,32,3,1,16,1,0,1,1167
conv2d_block_krsc,32,32,3,1,16,1,1,1,1263
conv2d_block_krsc,32,32,3,1,16,1,2,1,1334
conv2d_block_krsc,32,32,3,1,16,2,0,1,312
conv2d_block_krsc,32,32,3,1,16,2,1,1,360
conv2d_block_krsc,32,32,3,1,16,2,2,1,395
conv2d_block_krsc,32,32,3,1,16,4,0,1,107
conv2d_block_krsc,32,32,3,1,16,4,1,1,113
conv2d_block_krsc,32,32,3,1,16,4,2,1,134
conv2d_block_krsc,32,32,3,1,64,1,0,1,4131
conv2d_block_krsc,32,32,3,1,64,1,1,1,4667
conv2d_block_krsc,32,32,3,1,64,1,2,1,4611
conv2d_block_krsc,32,32,3,1,64,2,0,1,1140
conv2d_block_krsc,32,32,3,1,64,2,1,1,1244
conv2d_block_krsc,32,32,3,1,64,2,2,1,1361
conv2d_block_krsc,32,32,3,1,64,4,0,1,353
conv2d_block_krsc,32,32,3,1,64,4,1,1,351
conv2d_block_krsc,32,32,3,1,64,4,2,1,394
conv2d_block_krsc,32,32,3,16,1,1,0,1,237
conv2d_block_krsc,32,32,3,16,1,1,1,1,264
conv2d_block_krsc,32,32,3,16,1,1,2,1,306
conv2d_block_krsc,32,32,3,16,1,2,0,1,91
conv2d_block_krsc,32,32,3,16,1,2,1,1,94
conv2d_block_krsc,32,32,3,16,1,2,2,1,108
conv2d_block_krsc,32,32,3,16,1,4,0,1,55
conv2d_block_krsc,32,32,3,16,1,4,1,1,56
conv2d_block_krsc,32,32,3,16,1,4,2,1,61
conv2d_block_krsc,32,32,3,16,16,1,0,1,1180
conv2d_block_krsc,32,32,3,16,16,1,1,1,1244
conv2d_block_krsc,32,32,3,16,16,1,2,1,1374
conv2d_block_krsc,32,32,3,16,16,2,0,1,321
conv2d_block_krsc,32,32,3,16,16,2,1,1,317
conv2d_block_krsc,32,32,3,16,16,2,2,1,380
conv2d_block_krsc,32,32,3,16,16,4,0,1,118
conv2d_block_krsc,32,32,3,16,16,4,1,1,119
conv2d_block_krsc,32,32,3,16,16,4,2,1,153
conv2d_block_krsc,32,32,3,16,64,1,0,1,4296
conv2d_block_krsc,32,32,3,16,64,1,1,1,4633
conv2d_block_krsc,32,32,3,16,64,1,2,1,4803
conv2d_block_krsc,32,32,3,16,64,2,0,1,1125
conv2d_block_krsc,32,32,3,16,64,2,1,1,1219
conv2d_block_krsc,32,32,3,16,64,2,2,1,1388
conv2d_block_krsc,32,32,3,16,64,4,0,1,338
conv2d_block_krsc,32,32,3,16,64,4,1,1,318
conv2d_block_krsc,32,32,3,16,64,4,2,1,429
conv2d_block_krsc,32,32,3,64,1,1,0,1,730
conv2d_block_krsc,32,32,3,64,1,1,1,1,733
conv2d_block_krsc,32,32,3,64,1,1,2,1,848
conv2d_block_krsc,32,32,3,64,1,2,0,1,266
conv2d_block_krsc,32,32,3,64,1,2,1,1,272
conv2d_block_krsc,32,32,3,64,1,2,2,1,306
conv2d_block_krsc,32,32,3,64,1,4,0,1,146
conv2d_block_krsc,32,32,3,64,1,4,1,1,138
conv2d_block_krsc,32,32,3,64,1,4,2,1,168
conv2d_block_krsc,32,32,3,64,16,1,0,1,3528
conv2d_block_krsc,32,32,3,64,16,1,1,1,3852
conv2d_block_krsc,32,32,3,64,16,1,2,1,4173
conv2d_block_krsc,32,32,3,64,16,2,0,1,932
conv2d_block_krsc,32,32,3,64,16,2,1,1,1029
conv2d_block_krsc,32,32,3,64,16,2,2,1,1201
conv2d_block_krsc,32,32,3,64,16,4,0,1,353
conv2d_block_krsc,32,32,3,64,16,4,1,1,302
conv2d_block_krsc,32,32,3,64,16,4,2,1,406
conv2d_block_krsc,32,32,3,64,64,1,0,1,13162
conv2d_block_krsc,32,32,3,64,64,1,1,1,14530
conv2d_block_krsc,32,32,3,64,64,1,2,1,15761
conv2d_block_krsc,32,32,3,64,64,2,0,1,3558
conv2d_block_krsc,32,32,3,64,64,2,1,1,3880
conv2d_block_krsc,32,32,3,64,64,2,2,1,4446
conv2d_block_krsc,32,32,3,64,64,4,0,1,1061
conv2d_block_krsc,32,32,3,64,64,4,1,1,984
conv2d_block_krsc,32,32,3,64,64,4,2,1,1351
conv2d_block_krsc,32,32,5,1,1,1,0,1,568
conv2d_block_krsc,32,32,5,1,1,1,1,1,629
conv2d_block_krsc,32,32,5,1,1,1,2,1,692
conv2d_block_krsc,32,32,5,1,1,2,0,1,178
conv2d_block_krsc,32,32,5,1,1,2,1,1,186
conv2d_block_krsc,32,32,5,1,1,2,2,1,194
conv2d_block_krsc,32,32,5,1,1,4,0,1,76
conv2d_block_krsc,32,32,5,1,1,4,1,1,84
conv2d_block_krsc,32,32,5,1,1,4,2,1,78
conv2d_block_krsc,32,32,5,1,16,1,0,1,2311
conv2d_block_krsc,32,32,5,1,16,1,1,1,2549
conv2d_block_krsc,32,32,5,1,16,1,2,1,2761
conv2d_block_krsc,32,32,5,1,16,2,0,1,643
conv2d_block_krsc,32,32,5,1,16,2,1,1,745
conv2d_block_krsc,32,32,5,1,16,2,2,1,800
conv2d_block_krsc,32,32,5,1,16,4,0,1,205
conv2d_block_krsc,32,32,5,1,16,4,1,1,229
conv2d_block_krsc,32,32,5,1,16,4,2,1,213
conv2d_block_krsc,32,32,5,1,64,1,0,1,8554
conv2d_block_krsc,32,32,5,1,64,1,1,1,9959
conv2d_block_krsc,32,32,5,1,64,1,2,1,10618
conv2d_block_krsc,32,32,5,1,64,2,0,1,2342
conv2d_block_krsc,32,32,5,1,64,2,1,1,2566
conv2d_block_krsc,32,32,5,1,64,2,2,1,2772
conv2d_block_krsc,32,32,5,1,64,4,0,1,664
conv2d_block_krsc,32,32,5,1,64,4,1,1,810
conv2d_block_krsc,32,32,5,1,64,4,2,1,789
conv2d_block_krsc,32,32,5,16,1,1,0,1,510
conv2d_block_krsc,32,32,5,16,1,1,1,1,543
conv2d_block_krsc,32,32,5,16,1,1,2,1,577
conv2d_block_krsc,32,32,5,16,1,2,0,1,160
conv2d_block_krsc,32,32,5,16,1,2,1,1,168
conv2d_block_krsc,32,32,5,16,1,2,2,1,179
conv2d_block_krsc,32,32,5,16,1,4,0,1,69
conv2d_block_krsc,32,32,5,16,1,4,1,1,75
conv2d_block_krsc,32,32,5,16,1,4,2,1,81
conv2d_block_krsc,32,32,5,16,16,1,0,1,2469
conv2d_block_krsc,32,32,5,16,16,1,1,1,2726
conv2d_block_krsc,32,32,5,16,16,1,2,1,2897
conv2d_block_krsc,32,32,5,16,16,2,0,1,660
conv2d_block_krsc,32,32,5,16,16,2,1,1,730
conv2d_block_krsc,32,32,5,16,16,2,2,1,761
conv2d_block_krsc,32,32,5,16,16,4,0,1,185
conv2d_block_krsc,32,32,5,16,16,4,1,1,232
conv2d_block_krsc,32,32,5,16,16,4,2,1,227
conv2d_block_krsc,32,32,5,16,64,1,0,1,9479
conv2d_block_krsc,32,32,5,16,64,1,1,1,10231
conv2d_block_krsc,32,32,5,16,64,1,2,1,10978
conv2d_block_krsc,32,32,5,16,64,2,0,1,2499
conv2d_block_krsc,32,32,5,16,64,2,1,1,2697
conv2d_block_krsc,32,32,5,16,64,2,2,1,2849
conv2d_block_krsc,32,32,5,16,64,4,0,1,647
conv2d_block_krsc,32,32,5,16,64,4,1,1,777
conv2d_block_krsc,32,32,5,16,64,4,2,1,722
conv2d_block_krsc,32,32,5,64,1,1,0,1,1573
conv2d_block_krsc,32,32,5,64,1,1,1,1,1734
conv2d_block_krsc,32,32,5,64,1,1,2,1,1781
conv2d_block_krsc,32,32,5,64,1,2,0,1,542
conv2d_block_krsc,32,32,5,64,1,2,1,1,551
conv2d_block_krsc,32,32,5,64,1,2,2,1,553
conv2d_block_krsc,32,32,5,64,1,4,0,1,190
conv2d_block_krsc,32,32,5,64,1,4,1,1,217
conv2d_block_krsc,32,32,5,64,1,4,2,1,210
conv2d_block_krsc,32,32,5,64,16,1,0,1,8194
conv2d_block_krsc,32,32,5,64,16,1,1,1,9106
conv2d_block_krsc,32,32,5,64,16,1,2,1,9724
conv2d_block_krsc,32,32,5,64,16,2,0,1,2201
conv2d_block_krsc,32,32,5,64,16,2,1,1,2350
conv2d_block_krsc,32,32,5,64,16,2,2,1,2606
conv2d_block_krsc,32,32,5,64,16,4,0,1,593
conv2d_block_krsc,32,32,5,64,16,4,1,1,721
conv2d_block_krsc,32,32,5,64,16,4,2,1,720
conv2d_block_krsc,32,32,5,64,64,1,0,1,32311
conv2d_block_krsc,32,32,5,64,64,1,1,1,34735
conv2d_block_krsc,32,32,5,64,64,1,2,1,38091
conv2d_block_krsc,32,32,5,64,64,2,0,1,8241
conv2d_block_krsc,32,32,5,64,64,2,1,1,8980
conv2d_block_krsc,32,32,5,64,64,2,2,1,9803
conv2d_block_krsc,32,32,5,64,64,4,0,1,2115
conv2d_block_krsc,32,32,5,64,64,4,1,1,2629
conv2d_block_krsc,32,32,5,64,64,4,2,1,2530
conv2d_block_krsc,32,64,1,1,1,1,0,1,226
conv2d_block_krsc,32,64,1,1,1,2,0,1,100
conv2d_block_krsc,32,64,1,1,1,4,0,1,42
conv2d_block_krsc,32,64,1,1,16,1,0,1,1153
conv2d_block_krsc,32,64,1,1,16,2,0,1,320
conv2d_block_krsc,32,64,1,1,16,4,0,1,105
conv2d_block_krsc,32,64,1,1,64,1,0,1,4202
conv2d_block_krsc,32,64,1,1,64,2,0,1,1167
conv2d_block_krsc,32,64,1,1,64,4,0,1,320
conv2d_block_krsc,32,64,1,16,1,1,0,1,267
conv2d_block_krsc,32,64,1,16,1,2,0,1,175
conv2d_block_krsc,32,64,1,16,1,4,0,1,95
conv2d_block_krsc,32,64,1,16,16,1,0,1,1170
conv2d_block_krsc,32,64,1,16,16,2,0,1,396
conv2d_block_krsc,32,64,1,16,16,4,0,1,163
conv2d_block_krsc,32,64,1,16,64,1,0,1,4137
conv2d_block_krsc,32,64,1,16,64,2,0,1,1202
conv2d_block_krsc,32,64,1,16,64,4,0,1,362
conv2d_block_krsc,32,64,1,64,1,1,0,1,520
conv2d_block_krsc,32,64,1,64,1,2,0,1,284
conv2d_block_krsc,32,64,1,64,1,4,0,1,131
conv2d_block_krsc,32,64,1,64,16,1,0,1,2313
conv2d_block_krsc,32,64,1,64,16,2,0,1,750
conv2d_block_krsc,32,64,1,64,16,4,0,1,243
conv2d_block_krsc,32,64,1,64,64,1,0,1,8822
conv2d_block_krsc,32,64,1,64,64,2,0,1,2414
conv2d_block_krsc,32,64,1,64,64,4,0,1,671
conv2d_block_krsc,32,64,3,1,1,1,0,1,1038
conv2d_block_krsc,32,64,3,1,1,1,1,1,1083
conv2d_block_krsc,32,64,3,1,1,1,2,1,1132
conv2d_block_krsc,32,64,3,1,1,2,0,1,288
conv2d_block_krsc,32,64,3,1,1,2,1,1,315
conv2d_block_krsc,32,64,3,1,1,2,2,1,328
conv2d_block_krsc,32,64,3,1,1,4,0,1,91
conv2d_block_krsc,32,64,3,1,1,4,1,1,101
conv2d_block_krsc,32,64,3,1,1,4,2,1,104
conv2d_block_krsc,32,64,3,1,16,1,0,1,4285
conv2d_block_krsc,32,64,3,1,16,1,1,1,4540
conv2d_block_krsc,32,64,3,1,16,1,2,1,4410
conv2d_block_krsc,32,64,3,1,16,2,0,1,1213
conv2d_block_krsc,32,64,3,1,16,2,1,1,1264
conv2d_block_krsc,32,64,3,1,16,2,2,1,1308
conv2d_block_krsc,32,64,3,1,16,4,0,1,366
conv2d_block_krsc,32,64,3,1,16,4,1,1,360
conv2d_block_krsc,32,64,3,1,16,4,2,1,415
conv2d_block_krsc,32,64,3,1,64,1,0,1,16516
conv2d_block_krsc,32,64,3,1,64,1,1,1,17564
conv2d_block_krsc,32,64,3,1,64,1,2,1,18084
conv2d_block_krsc,32,64,3,1,64,2,0,1,4446
conv2d_block_krsc,32,64,3,1,64,2,1,1,4600
conv2d_block_krsc,32,64,3,1,64,2,2,1,4519
conv2d_block_krsc,32,64,3,1,64,4,0,1,1290
conv2d_block_krsc,32,64,3,1,64,4,1,1,1229
conv2d_block_krsc,32,64,3,1,64,4,2,1,1350
conv2d_block_krsc,32,64,3,16,1,1,0,1,903
conv2d_block_krsc,32,64,3,16,1,1,1,1,948
conv2d_block_krsc,32,64,3,16,1,1,2,1,1039
conv2d_block_krsc,32,64,3,16,1,2,0,1,299
conv2d_block_krsc,32,64,3,16,1,2,1,1,310
conv2d_block_krsc,32,64,3,16,1,2,2,1,357
conv2d_block_krsc,32,64,3,16,1,4,0,1,165
conv2d_block_krsc,32,64,3,16,1,4,1,1,173
conv2d_block_krsc,32,64,3,16,1,4,2,1,194
conv2d_block_krsc,32,64,3,16,16,1,0,1,4409
conv2d_block_krsc,32,64,3,16,16,1,1,1,4635
conv2d_block_krsc,32,64,3,16,16,1,2,1,4594
conv2d_block_krsc,32,64,3,16,16,2,0,1,1188
conv2d_block_krsc,32,64,3,16,16,2,1,1,1258
conv2d_block_krsc,32,64,3,16,16,2,2,1,1362
conv2d_block_krsc,32,64,3,16,16,4,0,1,406
conv2d_block_krsc,32,64,3,16,16,4,1,1,422
conv2d_block_krsc,32,64,3,16,16,4,2,1,452
conv2d_block_krsc,32,64,3,16,64,1,0,1,16985
conv2d_block_krsc,32,64,3,16,64,1,1,1,17867
conv2d_block_krsc,32,64,3,16,64,1,2,1,18633
conv2d_block_krsc,32,64,3,16,64,2,0,1,4434
conv2d_block_krsc,32,64,3,16,64,2,1,1,4681
conv2d_block_krsc,32,64,3,16,64,2,2,1,4659
conv2d_block_krsc,32,64,3,16,64,4,0,1,1276
conv2d_block_krsc,32,64,3,16,64,4,1,1,1269
conv2d_block_krsc,32,64,3,16,64,4,2,1,1434
conv2d_block_krsc,32,64,3,64,1,1,0,1,2640
conv2d_block_krsc,32,64,3,64,1,1,1,1,2691
conv2d_block_krsc,32,64,3,64,1,1,2,1,2849
conv2d_block_krsc,32,64,3,64,1,2,0,1,908
conv2d_block_krsc,32,64,3,64,1,2,1,1,885
conv2d_block_krsc,32,64,3,64,1,2,2,1,958
conv2d_block_krsc,32,64,3,64,1,4,0,1,445
conv2d_block_krsc,32,64,3,64,1,4,1,1,466
conv2d_block_krsc,32,64,3,64,1,4,2,1,463
conv2d_block_krsc,32,64,3,64,16,1,0,1,14002
conv2d_block_krsc,32,64,3,64,16,1,1,1,14619
conv2d_block_krsc,32,64,3,64,16,1,2,1,15064
conv2d_block_krsc,32,64,3,64,16,2,0,1,3833
conv2d_block_krsc,32,64,3,64,16,2,1,1,4030
conv2d_block_krsc,32,64,3,64,16,2,2,1,4325
conv2d_block_krsc,32,64,3,64,16,4,0,1,1181
conv2d_block_krsc,32,64,3,64,16,4,1,1,1158
conv2d_block_krsc,32,64,3,64,16,4,2,1,1320
conv2d_block_krsc,32,64,3,64,64,1,0,1,55432
conv2d_block_krsc,32,64,3,64,64,1,1,1,57615
conv2d_block_krsc,32,64,3,64,64,1,2,1,60857
conv2d_block_krsc,32,64,3,64,64,2,0,1,14000
conv2d_block_krsc,32,64,3,64,64,2,1,1,14907
conv2d_block_krsc,32,64,3,64,64,2,2,1,15870
conv2d_block_krsc,32,64,3,64,64,4,0,1,4059
conv2d_block_krsc,32,64,3,64,64,4,1,1,3940
conv2d_block_krsc,32,64,3,64,64,4,2,1,4655
conv2d_block_krsc,32,64,5,1,1,1,0,1,2327
conv2d_block_krsc,32,64,5,1,1,1,1,1,2423
conv2d_block_krsc,32,64,5,1,1,1,2,1,2523
conv2d_block_krsc,32,64,5,1,1,2,0,1,633
conv2d_block_krsc,32,64,5,1,1,2,1,1,685
conv2d_block_krsc,32,64,5,1,1,2,2,1,720
conv2d_block_krsc,32,64,5,1,1,4,0,1,188
conv2d_block_krsc,32,64,5,1,1,4,1,1,212
conv2d_block_krsc,32,64,5,1,1,4,2,1,206
conv2d_block_krsc,32,64,5,1,16,1,0,1,9961
conv2d_block_krsc,32,64,5,1,16,1,1,1,10451
conv2d_block_krsc,32,64,5,1,16,1,2,1,10717
conv2d_block_krsc,32,64,5,1,16,2,0,1,2639
conv2d_block_krsc,32,64,5,1,16,2,1,1,2749
conv2d_block_krsc,32,64,5,1,16,2,2,1,2853
conv2d_block_krsc,32,64,5,1,16,4,0,1,728
conv2d_block_krsc,32,64,5,1,16,4,1,1,836
conv2d_block_krsc,32,64,5,1,16,4,2,1,818
conv2d_block_krsc,32,64,5,1,64,1,0,1,38321
conv2d_block_krsc,32,64,5,1,64,1,1,1,40473
conv2d_block_krsc,32,64,5,1,64,1,2,1,42269
conv2d_block_krsc,32,64,5,1,64,2,0,1,9983
conv2d_block_krsc,32,64,5,1,64,2,1,1,10447
conv2d_block_krsc,32,64,5,1,64,2,2,1,10759
conv2d_block_krsc,32,64,5,1,64,4,0,1,2653
conv2d_block_krsc,32,64,5,1,64,4,1,1,2907
conv2d_block_krsc,32,64,5,1,64,4,2,1,2865
conv2d_block_krsc,32,64,5,16,1,1,0,1,1949
conv2d_block_krsc,32,64,5,16,1,1,1,1,2072
conv2d_block_krsc,32,64,5,16,1,1,2,1,2136
conv2d_block_krsc,32,64,5,16,1,2,0,1,570
conv2d_block_krsc,32,64,5,16,1,2,1,1,608
conv2d_block_krsc,32,64,5,16,1,2,2,1,645
conv2d_block_krsc,32,64,5,16,1,4,0,1,220
conv2d_block_krsc,32,64,5,16,1,4,1,1,244
conv2d_block_krsc,32,64,5,16,1,4,2,1,270
conv2d_block_krsc,32,64,5,16,16,1,0,1,10503
conv2d_block_krsc,32,64,5,16,16,1,1,1,11051
conv2d_block_krsc,32,64,5,16,16,1,2,1,11337
conv2d_block_krsc,32,64,5,16,16,2,0,1,2903
conv2d_block_krsc,32,64,5,16,16,2,1,1,2894
conv2d_block_krsc,32,64,5,16,16,2,2,1,2998
conv2d_block_krsc,32,64,5,16,16,4,0,1,787
conv2d_block_krsc,32,64,5,16,16,4,1,1,848
conv2d_block_krsc,32,64,5,16,16,4,2,1,831
conv2d_block_krsc,32,64,5,16,64,1,0,1,41140
conv2d_block_krsc,32,64,5,16,64,1,1,1,43140
conv2d_block_krsc,32,64,5,16,64,1,2,1,44614
conv2d_block_krsc,32,64,5,16,64,2,0,1,10517
conv2d_block_krsc,32,64,5,16,64,2,1,1,11090
conv2d_block_krsc,32,64,5,16,64,2,2,1,11403
conv2d_block_krsc,32,64,5,16,64,4,0,1,2794
conv2d_block_krsc,32,64,5,16,64,4,1,1,3062
conv2d_block_krsc,32,64,5,16,64,4,2,1,2996
conv2d_block_krsc,32,64,5,64,1,1,0,1,6454
conv2d_block_krsc,32,64,5,64,1,1,1,1,6935
conv2d_block_krsc,32,64,5,64,1,1,2,1,6927
conv2d_block_krsc,32,64,5,64,1,2,0,1,1873
conv2d_block_krsc,32,64,5,64,1,2,1,1,1906
conv2d_block_krsc,32,64,5,64,1,2,2,1,1942
conv2d_block_krsc,32,64,5,64,1,4,0,1,715
conv2d_block_krsc,32,64,5,64,1,4,1,1,763
conv2d_block_krsc,32,64,5,64,1,4,2,1,758
conv2d_block_krsc,32,64,5,64,16,1,0,1,36503
conv2d_block_krsc,32,64,5,64,16,1,1,1,38280
conv2d_block_krsc,32,64,5,64,16,1,2,1,39191
conv2d_block_krsc,32,64,5,64,16,2,0,1,9246
conv2d_block_krsc,32,64,5,64,16,2,1,1,9763
conv2d_block_krsc,32,64,5,64,16,2,2,1,10191
conv2d_block_krsc,32,64,5,64,16,4,0,1,2509
conv2d_block_krsc,32,64,5,64,16,4,1,1,2778
conv2d_block_krsc,32,64,5,64,16,4,2,1,2704
conv2d_block_krsc,32,64,5,64,64,1,0,1,139356
conv2d_block_krsc,32,64,5,64,64,1,1,1,146482
conv2d_block_krsc,32,64,5,64,64,1,2,1,152836
conv2d_block_krsc,32,64,5,64,64,2,0,1,36842
conv2d_block_krsc,32,64,5,64,64,2,1,1,38372
conv2d_block_krsc,32,64,5,64,64,2,2,1,39761
conv2d_block_krsc,32,64,5,64,64,4,0,1,9162
conv2d_block_krsc,32,64,5,64,64,4,1,1,10262
conv2d_block_krsc,32,64,5,64,64,4,2,1,9978
conv2d_block_krsc,32,128,1,1,1,1,0,1,832
conv2d_block_krsc,32,128,1,1,1,2,0,1,229
conv2d_block_krsc,32,128,1,1,1,4,0,1,96
conv2d_block_krsc,32,128,1,1,16,1,0,1,4160
conv2d_block_krsc,32,128,1,1,16,2,0,1,1195
conv2d_block_krsc,32,128,1,1,16,4,0,1,326
conv2d_block_krsc,32,128,1,1,64,1,0,1,15410
conv2d_block_krsc,32,128,1,1,64,2,0,1,4305
conv2d_block_krsc,32,128,1,1,64,4,0,1,1189
conv2d_block_krsc,32,128,1,16,1,1,0,1,807
conv2d_block_krsc,32,128,1,16,1,2,0,1,427
conv2d_block_krsc,32,128,1,16,1,4,0,1,190
conv2d_block_krsc,32,128,1,16,16,1,0,1,4201
conv2d_block_krsc,32,128,1,16,16,2,0,1,1240
conv2d_block_krsc,32,128,1,16,16,4,0,1,392
conv2d_block_krsc,32,128,1,16,64,1,0,1,16129
conv2d_block_krsc,32,128,1,16,64,2,0,1,4288
conv2d_block_krsc,32,128,1,16,64,4,0,1,1233
conv2d_block_krsc,32,128,1,64,1,1,0,1,1702
conv2d_block_krsc,32,128,1,64,1,2,0,1,862
conv2d_block_krsc,32,128,1,64,1,4,0,1,322
conv2d_block_krsc,32,128,1,64,16,1,0,1,8859
conv2d_block_krsc,32,128,1,64,16,2,0,1,2646
conv2d_block_krsc,32,128,1,64,16,4,0,1,735
conv2d_block_krsc,32,128,1,64,64,1,0,1,34026
conv2d_block_krsc,32,128,1,64,64,2,0,1,9040
conv2d_block_krsc,32,128,1,64,64,4,0,1,2393
conv2d_block_krsc,32,128,3,1,1,1,0,1,3894
conv2d_block_krsc,32,128,3,1,1,1,1,1,4013
conv2d_block_krsc,32,128,3,1,1,1,2,1,4115
conv2d_block_krsc,32,128,3,1,1,2,0,1,1085
conv2d_block_krsc,32,128,3,1,1,2,1,1,1076
conv2d_block_krsc,32,128,3,1,1,2,2,1,1112
conv2d_block_krsc,32,128,3,1,1,4,0,1,313
conv2d_block_krsc,32,128,3,1,1,4,1,1,305
conv2d_block_krsc,32,128,3,1,1,4,2,1,331
conv2d_block_krsc,32,128,3,1,16,1,0,1,17178
conv2d_block_krsc,32,128,3,1,16,1,1,1,17559
conv2d_block_krsc,32,128,3,1,16,1,2,1,18189
conv2d_block_krsc,32,128,3,1,16,2,0,1,4565
conv2d_block_krsc,32,128,3,1,16,2,1,1,4624
conv2d_block_krsc,32,128,3,1,16,2,2,1,4573
conv2d_block_krsc,32,128,3,1,16,4,0,1,1305
conv2d_block_krsc,32,128,3,1,16,4,1,1,1272
conv2d_block_krsc,32,128,3,1,16,4,2,1,1308
conv2d_block_krsc,32,128,3,1,64,1,0,1,66724
conv2d_block_krsc,32,128,3,1,64,1,1,1,68343
conv2d_block_krsc,32,128,3,1,64,1,2,1,73779
conv2d_block_krsc,32,128,3,1,64,2,0,1,17248
conv2d_block_krsc,32,128,3,1,64,2,1,1,17565
conv2d_block_krsc,32,128,3,1,64,2,2,1,18147
conv2d_block_krsc,32,128,3,1,64,4,0,1,4701
conv2d_block_krsc,32,128,3,1,64,4,1,1,4562
conv2d_block_krsc,32,128,3,1,64,4,2,1,4514
conv2d_block_krsc,32,128,3,16,1,1,0,1,3440
conv2d_block_krsc,32,128,3,16,1,1,1,1,3363
conv2d_block_krsc,32,128,3,16,1,1,2,1,3511
conv2d_block_krsc,32,128,3,16,1,2,0,1,1004
conv2d_block_krsc,32,128,3,16,1,2,1,1,972
conv2d_block_krsc,32,128,3,16,1,2,2,1,1020
conv2d_block_krsc,32,128,3,16,1,4,0,1,581
conv2d_block_krsc,32,128,3,16,1,4,1,1,632
conv2d_block_krsc,32,128,3,16,1,4,2,1,695
conv2d_block_krsc,32,128,3,16,16,1,0,1,17294
conv2d_block_krsc,32,128,3,16,16,1,1,1,17800
conv2d_block_krsc,32,128,3,16,16,1,2,1,18219
conv2d_block_krsc,32,128,3,16,16,2,0,1,4723
conv2d_block_krsc,32,128,3,16,16,2,1,1,4703
conv2d_block_krsc,32,128,3,16,16,2,2,1,4738
conv2d_block_krsc,32,128,3,16,16,4,0,1,1479
conv2d_block_krsc,32,128,3,16,16,4,1,1,1461
conv2d_block_krsc,32,128,3,16,16,4,2,1,1554
conv2d_block_krsc,32,128,3,16,64,1,0,1,69412
conv2d_block_krsc,32,128,3,16,64,1,1,1,71200
conv2d_block_krsc,32,128,3,16,64,1,2,1,75407
conv2d_block_krsc,32,128,3,16,64,2,0,1,17743
conv2d_block_krsc,32,128,3,16,64,2,1,1,22779
conv2d_block_krsc,32,128,3,16,64,2,2,1,18683
conv2d_block_krsc,32,128,3,16,64,4,0,1,4790
conv2d_block_krsc,32,128,3,16,64,4,1,1,4786
conv2d_block_krsc,32,128,3,16,64,4,2,1,4901
conv2d_block_krsc,32,128,3,64,1,1,0,1,10593
conv2d_block_krsc,32,128,3,64,1,1,1,1,10486
conv2d_block_krsc,32,128,3,64,1,1,2,1,10787
conv2d_block_krsc,32,128,3,64,1,2,0,1,3310
conv2d_block_krsc,32,128,3,64,1,2,1,1,3237
conv2d_block_krsc,32,128,3,64,1,2,2,1,3435
conv2d_block_krsc,32,128,3,64,1,4,0,1,1473
conv2d_block_krsc,32,128,3,64,1,4,1,1,1495
conv2d_block_krsc,32,128,3,64,1,4,2,1,1503
conv2d_block_krsc,32,128,3,64,16,1,0,1,55968
conv2d_block_krsc,32,128,3,64,16,1,1,1,57660
conv2d_block_krsc,32,128,3,64,16,1,2,1,59086
conv2d_block_krsc,32,128,3,64,16,2,0,1,14736
conv2d_block_krsc,32,128,3,64,16,2,1,1,14946
conv2d_block_krsc,32,128,3,64,16,2,2,1,15615
conv2d_block_krsc,32,128,3,64,16,4,0,1,4347
conv2d_block_krsc,32,128,3,64,16,4,1,1,4333
conv2d_block_krsc,32,128,3,64,16,4,2,1,4564
conv2d_block_krsc,32,128,3,64,64,1,0,1,220512
conv2d_block_krsc,32,128,3,64,64,1,1,1,223711
conv2d_block_krsc,32,128,3,64,64,1,2,1,233518
conv2d_block_krsc,32,128,3,64,64,2,0,1,56443
conv2d_block_krsc,32,128,3,64,64,2,1,1,58085
conv2d_block_krsc,32,128,3,64,64,2,2,1,60798
conv2d_block_krsc,32,128,3,64,64,4,0,1,15488
conv2d_block_krsc,32,128,3,64,64,4,1,1,14939
conv2d_block_krsc,32,128,3,64,64,4,2,1,16096
conv2d_block_krsc,32,128,5,1,1,1,0,1,9226
conv2d_block_krsc,32,128,5,1,1,1,1,1,9583
conv2d_block_krsc,32,128,5,1,1,1,2,1,9798
conv2d_block_krsc,32,128,5,1,1,2,0,1,2440
conv2d_block_krsc,32,128,5,1,1,2,1,1,2512
conv2d_block_krsc,32,128,5,1,1,2,2,1,2563
conv2d_block_krsc,32,128,5,1,1,4,0,1,667
conv2d_block_krsc,32,128,5,1,1,4,1,1,687
conv2d_block_krsc,32,128,5,1,1,4,2,1,683
conv2d_block_krsc,32,128,5,1,16,1,0,1,41280
conv2d_block_krsc,32,128,5,1,16,1,1,1,42418
conv2d_block_krsc,32,128,5,1,16,1,2,1,42890
conv2d_block_krsc,32,128,5,1,16,2,0,1,10569
conv2d_block_krsc,32,128,5,1,16,2,1,1,10815
conv2d_block_krsc,32,128,5,1,16,2,2,1,11149
conv2d_block_krsc,32,128,5,1,16,4,0,1,2752
conv2d_block_krsc,32,128,5,1,16,4,1,1,2941
conv2d_block_krsc,32,128,5,1,16,4,2,1,2907
conv2d_block_krsc,32,128,5,1,64,1,0,1,154913
conv2d_block_krsc,32,128,5,1,64,1,1,1,160326
conv2d_block_krsc,32,128,5,1,64,1,2,1,164503
conv2d_block_krsc,32,128,5,1,64,2,0,1,40905
conv2d_block_krsc,32,128,5,1,64,2,1,1,41587
conv2d_block_krsc,32,128,5,1,64,2,2,1,43228
conv2d_block_krsc,32,128,5,1,64,4,0,1,10512
conv2d_block_krsc,32,128,5,1,64,4,1,1,11077
conv2d_block_krsc,32,128,5,1,64,4,2,1,11010
conv2d_block_krsc,32,128,5,16,1,1,0,1,7821
conv2d_block_krsc,32,128,5,16,1,1,1,1,8209
conv2d_block_krsc,32,128,5,16,1,1,2,1,8032
conv2d_block_krsc,32,128,5,16,1,2,0,1,2190
conv2d_block_krsc,32,128,5,16,1,2,1,1,2236
conv2d_block_krsc,32,128,5,16,1,2,2,1,2255
conv2d_block_krsc,32,128,5,16,1,4,0,1,800
conv2d_block_krsc,32,128,5,16,1,4,1,1,842
conv2d_block_krsc,32,128,5,16,1,4,2,1,838
conv2d_block_krsc,32,128,5,16,16,1,0,1,43593
conv2d_block_krsc,32,128,5,16,16,1,1,1,44137
conv2d_block_krsc,32,128,5,16,16,1,2,1,45084
conv2d_block_krsc,32,128,5,16,16,2,0,1,11233
conv2d_block_krsc,32,128,5,16,16,2,1,1,11589
conv2d_block_krsc,32,128,5,16,16,2,2,1,11876
conv2d_block_krsc,32,128,5,16,16,4,0,1,2968
conv2d_block_krsc,32,128,5,16,16,4,1,1,3207
conv2d_block_krsc,32,128,5,16,16,4,2,1,3109
conv2d_block_krsc,32,128,5,16,64,1,0,1,169688
conv2d_block_krsc,32,128,5,16,64,1,1,1,172085
conv2d_block_krsc,32,128,5,16,64,1,2,1,174122
conv2d_block_krsc,32,128,5,16,64,2,0,1,43986
conv2d_block_krsc,32,128,5,16,64,2,1,1,44471
conv2d_block_krsc,32,128,5,16,64,2,2,1,45530
conv2d_block_krsc,32,128,5,16,64,4,0,1,11474
conv2d_block_krsc,32,128,5,16,64,4,1,1,12022
conv2d_block_krsc,32,128,5,16,64,4,2,1,11823
conv2d_block_krsc,32,128,5,64,1,1,0,1,26305
conv2d_block_krsc,32,128,5,64,1,1,1,1,27410
conv2d_block_krsc,32,128,5,64,1,1,2,1,27382
conv2d_block_krsc,32,128,5,64,1,2,0,1,7153
conv2d_block_krsc,32,128,5,64,1,2,1,1,7329
conv2d_block_krsc,32,128,5,64,1,2,2,1,7303
conv2d_block_krsc,32,128,5,64,1,4,0,1,2575
conv2d_block_krsc,32,128,5,64,1,4,1,1,2703
conv2d_block_krsc,32,128,5,64,1,4,2,1,2675
conv2d_block_krsc,32,128,5,64,16,1,0,1,146548
conv2d_block_krsc,32,128,5,64,16,1,1,1,149922
conv2d_block_krsc,32,128,5,64,16,1,2,1,152921
conv2d_block_krsc,32,128,5,64,16,2,0,1,39699
conv2d_block_krsc,32,128,5,64,16,2,1,1,40204
conv2d_block_krsc,32,128,5,64,16,2,2,1,40897
conv2d_block_krsc,32,128,5,64,16,4,0,1,10344
conv2d_block_krsc,32,128,5,64,16,4,1,1,10835
conv2d_block_krsc,32,128,5,64,16,4,2,1,10851
conv2d_block_krsc,32,128,5,64,64,1,0,1,573653
conv2d_block_krsc,32,128,5,64,64,1,1,1,591745
conv2d_block_krsc,32,128,5,64,64,1,2,1,615216
conv2d_block_krsc,32,128,5,64,64,2,0,1,147212
conv2d_block_krsc,32,128,5,64,64,2,1,1,150115
conv2d_block_krsc,32,128,5,64,64,2,2,1,152005
conv2d_block_krsc,32,128,5,64,64,4,0,1,39756
conv2d_block_krsc,32,128,5,64,64,4,1,1,41343
conv2d_block_krsc,32,128,5,64,64,4,2,1,41163
conv2d_simd_rsck,16,32,1,1,1,1,0,1,59
conv2d_simd_rsck,16,32,1,1,1,2,0,1,28
conv2d_simd_rsck,16,32,1,1,1,4,0,1,18
conv2d_simd_rsck,16,32,1,1,16,1,0,1,108
conv2d_simd_rsck,16,32,1,1,16,2,0,1,42
conv2d_simd_rsck,16,32,1,1,16,4,0,1,29
conv2d_simd_rsck,16,32,1,1,64,1,0,1,348
conv2d_simd_rsck,16,32,1,1,64,2,0,1,98
conv2d_simd_rsck,16,32,1,1,64,4,0,1,48
conv2d_simd_rsck,16,32,1,16,1,1,0,1,77
conv2d_simd_rsck,16,32,1,16,1,2,0,1,48
conv2d_simd_rsck,16,32,1,16,1,4,0,1,39
conv2d_simd_rsck,16,32,1,16,16,1,0,1,179
conv2d_simd_rsck,16,32,1,16,16,2,0,1,79
conv2d_simd_rsck,16,32,1,16,16,4,0,1,47
conv2d_simd_rsck,16,32,1,16,64,1,0,1,661
conv2d_simd_rsck,16,32,1,16,64,2,0,1,188
conv2d_simd_rsck,16,32,1,16,64,4,0,1,79
conv2d_simd_rsck,16,32,1,64,1,1,0,1,179
conv2d_simd_rsck,16,32,1,64,1,2,0,1,75
conv2d_simd_rsck,16,32,1,64,1,4,0,1,48
conv2d_simd_rsck,16,32,1,64,16,1,0,1,571
conv2d_simd_rsck,16,32,1,64,16,2,0,1,187
conv2d_simd_rsck,16,32,1,64,16,4,0,1,76
conv2d_simd_rsck,16,32,1,64,64,1,0,1,2083
conv2d_simd_rsck,16,32,1,64,64,2,0,1,525
conv2d_simd_rsck,16,32,1,64,64,4,0,1,174
conv2d_simd_rsck,16,32,3,1,1,1,0,1,86
conv2d_simd_rsck,16,32,3,1,1,1,1,1,96
conv2d_simd_rsck,16,32,3,1,1,1,2,1,113
conv2d_simd_rsck,16,32,3,1,1,2,0,1,39
conv2d_simd_rsck,16,32,3,1,1,2,1,1,43
conv2d_simd_rsck,16,32,3,1,1,2,2,1,45
conv2d_simd_rsck,16,32,3,1,1,4,0,1,24
conv2d_simd_rsck,16,32,3,1,1,4,1,1,29
conv2d_simd_rsck,16,32,3,1,1,4,2,1,24
conv2d_simd_rsck,16,32,3,1,16,1,0,1,235
conv2d_simd_rsck,16,32,3,1,16,1,1,1,268
conv2d_simd_rsck,16,32,3,1,16,1,2,1,275
conv2d_simd_rsck,16,32,3,1,16,2,0,1,96
conv2d_simd_rsck,16,32,3,1,16,2,1,1,86
conv2d_simd_rsck,16,32,3,1,16,2,2,1,101
conv2d_simd_rsck,16,32,3,1,16,4,0,1,38
conv2d_simd_rsck,16,32,3,1,16,4,1,1,37
conv2d_simd_rsck,16,32,3,1,16,4,2,1,54
conv2d_simd_rsck,16,32,3,1,64,1,0,1,875
conv2d_simd_rsck,16,32,3,1,64,1,1,1,964
conv2d_simd_rsck,16,32,3,1,64,1,2,1,1060
conv2d_simd_rsck,16,32,3,1,64,2,0,1,224
conv2d_simd_rsck,16,32,3,1,64,2,1,1,254
conv2d_simd_rsck,16,32,3,1,64,2,2,1,272
conv2d_simd_rsck,16,32,3,1,64,4,0,1,98
conv2d_simd_rsck,16,32,3,1,64,4,1,1,95
conv2d_simd_rsck,16,32,3,1,64,4,2,1,107
conv2d_simd_rsck,16,32,3,16,1,1,0,1,425
conv2d_simd_rsck,16,32,3,16,1,1,1,1,445
conv2d_simd_rsck,16,32,3,16,1,1,2,1,466
conv2d_simd_rsck,16,32,3,16,1,2,0,1,148
conv2d_simd_rsck,16,32,3,16,1,2,1,1,142
conv2d_simd_rsck,16,32,3,16,1,2,2,1,145
conv2d_simd_rsck,16,32,3,16,1,4,0,1,62
conv2d_simd_rsck,16,32,3,16,1,4,1,1,62
conv2d_simd_rsck,16,32,3,16,1,4,2,1,62
conv2d_simd_rsck,16,32,3,16,16,1,0,1,1120
conv2d_simd_rsck,16,32,3,16,16,1,1,1,1207
conv2d_simd_rsck,16,32,3,16,16,1,2,1,1267
conv2d_simd_rsck,16,32,3,16,16,2,0,1,316
conv2d_simd_rsck,16,32,3,16,16,2,1,1,335
conv2d_simd_rsck,16,32,3,16,16,2,2,1,341
conv2d_simd_rsck,16,32,3,16,16,4,0,1,136
conv2d_simd_rsck,16,32,3,16,16,4,1,1,127
conv2d_simd_rsck,16,32,3,16,16,4,2,1,126
conv2d_simd_rsck,16,32,3,16,64,1,0,1,4461
conv2d_simd_rsck,16,32,3,16,64,1,1,1,4762
conv2d_simd_rsck,16,32,3,16,64,1,2,1,5054
conv2d_simd_rsck,16,32,3,16,64,2,0,1,1133
conv2d_simd_rsck,16,32,3,16,64,2,1,1,1234
conv2d_simd_rsck,16,32,3,16,64,2,2,1,1273
conv2d_simd_rsck,16,32,3,16,64,4,0,1,363
conv2d_simd_rsck,16,32,3,16,64,4,1,1,333
conv2d_simd_rsck,16,32,3,16,64,4,2,1,349
conv2d_simd_rsck,16,32,3,64,1,1,0,1,1427
conv2d_simd_rsck,16,32,3,64,1,1,1,1,1563
conv2d_simd_rsck,16,32,3,64,1,1,2,1,1633
conv2d_simd_rsck,16,32,3,64,1,2,0,1,434
conv2d_simd_rsck,16,32,3,64,1,2,1,1,458
conv2d_simd_rsck,16,32,3,64,1,2,2,1,487
conv2d_simd_rsck,16,32,3,64,1,4,0,1,149
conv2d_simd_rsck,16,32,3,64,1,4,1,1,140
conv2d_simd_rsck,16,32,3,64,1,4,2,1,154
conv2d_simd_rsck,16,32,3,64,16,1,0,1,5331
conv2d_simd_rsck,16,32,3,64,16,1,1,1,5935
conv2d_simd_rsck,16,32,3,64,16,1,2,1,5979
conv2d_simd_rsck,16,32,3,64,16,2,0,1,1414
conv2d_simd_rsck,16,32,3,64,16,2,1,1,1536
conv2d_simd_rsck,16,32,3,64,16,2,2,1,1594
conv2d_simd_rsck,16,32,3,64,16,4,0,1,472
conv2d_simd_rsck,16,32,3,64,16,4,1,1,433
conv2d_simd_rsck,16,32,3,64,16,4,2,1,468
conv2d_simd_rsck,16,32,3,64,64,1,0,1,20675
conv2d_simd_rsck,16,32,3,64,64,1,1,1,21879
conv2d_simd_rsck,16,32,3,64,64,1,2,1,22620
conv2d_simd_rsck,16,32,3,64,64,2,0,1,5567
conv2d_simd_rsck,16,32,3,64,64,2,1,1,6011
conv2d_simd_rsck,16,32,3,64,64,2,2,1,6309
conv2d_simd_rsck,16,32,3,64,64,4,0,1,1679
conv2d_simd_rsck,16,32,3,64,64,4,1,1,1524
conv2d_simd_rsck,16,32,3,64,64,4,2,1,1625
conv2d_simd_rsck,16,32,5,1,1,1,0,1,120
conv2d_simd_rsck,16,32,5,1,1,1,1,1,129
conv2d_simd_rsck,16,32,5,1,1,1,2,1,157
conv2d_simd_rsck,16,32,5,1,1,2,0,1,58
conv2d_simd_rsck,16,32,5,1,1,2,1,1,60
conv2d_simd_rsck,16,32,5,1,1,2,2,1,68
conv2d_simd_rsck,16,32,5,1,1,4,0,1,28
conv2d_simd_rsck,16,32,5,1,1,4,1,1,35
conv2d_simd_rsck,16,32,5,1,1,4,2,1,32
conv2d_simd_rsck,16,32,5,1,16,1,0,1,402
conv2d_simd_rsck,16,32,5,1,16,1,1,1,450
conv2d_simd_rsck,16,32,5,1,16,1,2,1,511
conv2d_simd_rsck,16,32,5,1,16,2,0,1,122
conv2d_simd_rsck,16,32,5,1,16,2,1,1,143
conv2d_simd_rsck,16,32,5,1,16,2,2,1,171
conv2d_simd_rsck,16,32,5,1,16,4,0,1,62
conv2d_simd_rsck,16,32,5,1,16,4,1,1,65
conv2d_simd_rsck,16,32,5,1,16,4,2,1,65
conv2d_simd_rsck,16,32,5,1,64,1,0,1,1503
conv2d_simd_rsck,16,32,5,1,64,1,1,1,1691
conv2d_simd_rsck,16,32,5,1,64,1,2,1,1895
conv2d_simd_rsck,16,32,5,1,64,2,0,1,381
conv2d_simd_rsck,16,32,5,1,64,2,1,1,426
conv2d_simd_rsck,16,32,5,1,64,2,2,1,488
conv2d_simd_rsck,16,32,5,1,64,4,0,1,126
conv2d_simd_rsck,16,32,5,1,64,4,1,1,138
conv2d_simd_rsck,16,32,5,1,64,4,2,1,137
conv2d_simd_rsck,16,32,5,16,1,1,0,1,911
conv2d_simd_rsck,16,32,5,16,1,1,1,1,1014
conv2d_simd_rsck,16,32,5,16,1,1,2,1,1076
conv2d_simd_rsck,16,32,5,16,1,2,0,1,273
conv2d_simd_rsck,16,32,5,16,1,2,1,1,303
conv2d_simd_rsck,16,32,5,16,1,2,2,1,350
conv2d_simd_rsck,16,32,5,16,1,4,0,1,97
conv2d_simd_rsck,16,32,5,16,1,4,1,1,111
conv2d_simd_rsck,16,32,5,16,1,4,2,1,110
conv2d_simd_rsck,16,32,5,16,16,1,0,1,3215
conv2d_simd_rsck,16,32,5,16,16,1,1,1,3599
conv2d_simd_rsck,16,32,5,16,16,1,2,1,3836
conv2d_simd_rsck,16,32,5,16,16,2,0,1,871
conv2d_simd_rsck,16,32,5,16,16,2,1,1,965
conv2d_simd_rsck,16,32,5,16,16,2,2,1,1032
conv2d_simd_rsck,16,32,5,16,16,4,0,1,263
conv2d_simd_rsck,16,32,5,16,16,4,1,1,322
conv2d_simd_rsck,16,32,5,16,16,4,2,1,306
conv2d_simd_rsck,16,32,5,16,64,1,0,1,13157
conv2d_simd_rsck,16,32,5,16,64,1,1,1,14679
conv2d_simd_rsck,16,32,5,16,64,1,2,1,15767
conv2d_simd_rsck,16,32,5,16,64,2,0,1,3403
conv2d_simd_rsck,16,32,5,16,64,2,1,1,3713
conv2d_simd_rsck,16,32,5,16,64,2,2,1,3989
conv2d_simd_rsck,16,32,5,16,64,4,0,1,854
conv2d_simd_rsck,16,32,5,16,64,4,1,1,1048
conv2d_simd_rsck,16,32,5,16,64,4,2,1,1023
conv2d_simd_rsck,16,32,5,64,1,1,0,1,3441
conv2d_simd_rsck,16,32,5,64,1,1,1,1,3792
conv2d_simd_rsck,16,32,5,64,1,1,2,1,4129
conv2d_simd_rsck,16,32,5,64,1,2,0,1,955
conv2d_simd_rsck,16,32,5,64,1,2,1,1,1035
conv2d_simd_rsck,16,32,5,64,1,2,2,1,1123
conv2d_simd_rsck,16,32,5,64,1,4,0,1,304
conv2d_simd_rsck,16,32,5,64,1,4,1,1,359
conv2d_simd_rsck,16,32,5,64,1,4,2,1,343
conv2d_simd_rsck,16,32,5,64,16,1,0,1,13774
conv2d_simd_rsck,16,32,5,64,16,1,1,1,15363
conv2d_simd_rsck,16,32,5,64,16,1,2,1,15812
conv2d_simd_rsck,16,32,5,64,16,2,0,1,3538
conv2d_simd_rsck,16,32,5,64,16,2,1,1,3934
conv2d_simd_rsck,16,32,5,64,16,2,2,1,4274
conv2d_simd_rsck,16,32,5,64,16,4,0,1,973
conv2d_simd_rsck,16,32,5,64,16,4,1,1,1183
conv2d_simd_rsck,16,32,5,64,16,4,2,1,1113
conv2d_simd_rsck,16,32,5,64,64,1,0,1,47638
conv2d_simd_rsck,16,32,5,64,64,1,1,1,53797
conv2d_simd_rsck,16,32,5,64,64,1,2,1,57772
conv2d_simd_rsck,16,32,5,64,64,2,0,1,13834
conv2d_simd_rsck,16,32,5,64,64,2,1,1,15051
conv2d_simd_rsck,16,32,5,64,64,2,2,1,16012
conv2d_simd_rsck,16,32,5,64,64,4,0,1,3588
conv2d_simd_rsck,16,32,5,64,64,4,1,1,4332
conv2d_simd_rsck,16,32,5,64,64,4,2,1,4130
conv2d_simd_rsck,16,64,1,1,1,1,0,1,106
conv2d_simd_rsck,16,64,1,1,1,2,0,1,54
conv2d_simd_rsck,16,64,1,1,1,4,0,1,27
conv2d_simd_rsck,16,64,1,1,16,1,0,1,341
conv2d_simd_rsck,16,64,1,1,16,2,0,1,106
conv2d_simd_rsck,16,64,1,1,16,4,0,1,48
conv2d_simd_rsck,16,64,1,1,64,1,0,1,1246
conv2d_simd_rsck,16,64,1,1,64,2,0,1,333
conv2d_simd_rsck,16,64,1,1,64,4,0,1,110
conv2d_simd_rsck,16,64,1,16,1,1,0,1,198
conv2d_simd_rsck,16,64,1,16,1,2,0,1,76
conv2d_simd_rsck,16,64,1,16,1,4,0,1,58
conv2d_simd_rsck,16,64,1,16,16,1,0,1,684
conv2d_simd_rsck,16,64,1,16,16,2,0,1,207
conv2d_simd_rsck,16,64,1,16,16,4,0,1,75
conv2d_simd_rsck,16,64,1,16,64,1,0,1,2586
conv2d_simd_rsck,16,64,1,16,64,2,0,1,680
conv2d_simd_rsck,16,64,1,16,64,4,0,1,191
conv2d_simd_rsck,16,64,1,64,1,1,0,1,649
conv2d_simd_rsck,16,64,1,64,1,2,0,1,246
conv2d_simd_rsck,16,64,1,64,1,4,0,1,140
conv2d_simd_rsck,16,64,1,64,16,1,0,1,2134
conv2d_simd_rsck,16,64,1,64,16,2,0,1,567
conv2d_simd_rsck,16,64,1,64,16,4,0,1,226
conv2d_simd_rsck,16,64,1,64,64,1,0,1,8232
conv2d_simd_rsck,16,64,1,64,64,2,0,1,2110
conv2d_simd_rsck,16,64,1,64,64,4,0,1,570
conv2d_simd_rsck,16,64,3,1,1,1,0,1,271
conv2d_simd_rsck,16,64,3,1,1,1,1,1,307
conv2d_simd_rsck,16,64,3,1,1,1,2,1,360
conv2d_simd_rsck,16,64,3,1,1,2,0,1,100
conv2d_simd_rsck,16,64,3,1,1,2,1,1,107
conv2d_simd_rsck,16,64,3,1,1,2,2,1,98
conv2d_simd_rsck,16,64,3,1,1,4,0,1,41
conv2d_simd_rsck,16,64,3,1,1,4,1,1,42
conv2d_simd_rsck,16,64,3,1,1,4,2,1,47
conv2d_simd_rsck,16,64,3,1,16,1,0,1,927
conv2d_simd_rsck,16,64,3,1,16,1,1,1,991
conv2d_simd_rsck,16,64,3,1,16,1,2,1,1026
conv2d_simd_rsck,16,64,3,1,16,2,0,1,249
conv2d_simd_rsck,16,64,3,1,16,2,1,1,269
conv2d_simd_rsck,16,64,3,1,16,2,2,1,265
conv2d_simd_rsck,16,64,3,1,16,4,0,1,96
conv2d_simd_rsck,16,64,3,1,16,4,1,1,84
conv2d_simd_rsck,16,64,3,1,16,4,2,1,97
conv2d_simd_rsck,16,64,3,1,64,1,0,1,3199
conv2d_simd_rsck,16,64,3,1,64,1,1,1,3830
conv2d_simd_rsck,16,64,3,1,64,1,2,1,3983
conv2d_simd_rsck,16,64,3,1,64,2,0,1,924
conv2d_simd_rsck,16,64,3,1,64,2,1,1,968
conv2d_simd_rsck,16,64,3,1,64,2,2,1,1016
conv2d_simd_rsck,16,64,3,1,64,4,0,1,260
conv2d_simd_rsck,16,64,3,1,64,4,1,1,251
conv2d_simd_rsck,16,64,3,1,64,4,2,1,276
conv2d_simd_rsck,16,64,3,16,1,1,0,1,1462
conv2d_simd_rsck,16,64,3,16,1,1,1,1,1530
conv2d_simd_rsck,16,64,3,16,1,1,2,1,1568
conv2d_simd_rsck,16,64,3,16,1,2,0,1,438
conv2d_simd_rsck,16,64,3,16,1,2,1,1,453
conv2d_simd_rsck,16,64,3,16,1,2,2,1,461
conv2d_simd_rsck,16,64,3,16,1,4,0,1,156
conv2d_simd_rsck,16,64,3,16,1,4,1,1,147
conv2d_simd_rsck,16,64,3,16,1,4,2,1,153
conv2d_simd_rsck,16,64,3,16,16,1,0,1,4719
conv2d_simd_rsck,16,64,3,16,16,1,1,1,4829
conv2d_simd_rsck,16,64,3,16,16,1,2,1,5024
conv2d_simd_rsck,16,64,3,16,16,2,0,1,1290
conv2d_simd_rsck,16,64,3,16,16,2,1,1,1273
conv2d_simd_rsck,16,64,3,16,16,2,2,1,1284
conv2d_simd_rsck,16,64,3,16,16,4,0,1,362
conv2d_simd_rsck,16,64,3,16,16,4,1,1,345
conv2d_simd_rsck,16,64,3,16,16,4,2,1,347
conv2d_simd_rsck,16,64,3,16,64,1,0,1,18261
conv2d_simd_rsck,16,64,3,16,64,1,1,1,19260
conv2d_simd_rsck,16,64,3,16,64,1,2,1,19900
conv2d_simd_rsck,16,64,3,16,64,2,0,1,4791
conv2d_simd_rsck,16,64,3,16,64,2,1,1,4939
conv2d_simd_rsck,16,64,3,16,64,2,2,1,5111
conv2d_simd_rsck,16,64,3,16,64,4,0,1,1306
conv2d_simd_rsck,16,64,3,16,64,4,1,1,1249
conv2d_simd_rsck,16,64,3,16,64,4,2,1,1280
conv2d_simd_rsck,16,64,3,64,1,1,0,1,5958
conv2d_simd_rsck,16,64,3,64,1,1,1,1,6154
conv2d_simd_rsck,16,64,3,64,1,1,2,1,6192
conv2d_simd_rsck,16,64,3,64,1,2,0,1,1577
conv2d_simd_rsck,16,64,3,64,1,2,1,1,1628
conv2d_simd_rsck,16,64,3,64,1,2,2,1,1666
conv2d_simd_rsck,16,64,3,64,1,4,0,1,531
conv2d_simd_rsck,16,64,3,64,1,4,1,1,499
conv2d_simd_rsck,16,64,3,64,1,4,2,1,541
conv2d_simd_rsck,16,64,3,64,16,1,0,1,20937
conv2d_simd_rsck,16,64,3,64,16,1,1,1,21811
conv2d_simd_rsck,16,64,3,64,16,1,2,1,22964
conv2d_simd_rsck,16,64,3,64,16,2,0,1,5740
conv2d_simd_rsck,16,64,3,64,16,2,1,1,5964
conv2d_simd_rsck,16,64,3,64,16,2,2,1,6035
conv2d_simd_rsck,16,64,3,64,16,4,0,1,1632
conv2d_simd_rsck,16,64,3,64,16,4,1,1,1567
conv2d_simd_rsck,16,64,3,64,16,4,2,1,1622
conv2d_simd_rsck,16,64,3,64,64,1,0,1,79980
conv2d_simd_rsck,16,64,3,64,64,1,1,1,83229
conv2d_simd_rsck,16,64,3,64,64,1,2,1,84047
conv2d_simd_rsck,16,64,3,64,64,2,0,1,21917
conv2d_simd_rsck,16,64,3,64,64,2,1,1,23296
conv2d_simd_rsck,16,64,3,64,64,2,2,1,23106
conv2d_simd_rsck,16,64,3,64,64,4,0,1,6271
conv2d_simd_rsck,16,64,3,64,64,4,1,1,5989
conv2d_simd_rsck,16,64,3,64,64,4,2,1,6246
conv2d_simd_rsck,16,64,5,1,1,1,0,1,468
conv2d_simd_rsck,16,64,5,1,1,1,1,1,504
conv2d_simd_rsck,16,64,5,1,1,1,2,1,526
conv2d_simd_rsck,16,64,5,1,1,2,0,1,140
conv2d_simd_rsck,16,64,5,1,1,2,1,1,137
conv2d_simd_rsck,16,64,5,1,1,2,2,1,152
conv2d_simd_rsck,16,64,5,1,1,4,0,1,60
conv2d_simd_rsck,16,64,5,1,1,4,1,1,64
conv2d_simd_rsck,16,64,5,1,1,4,2,1,63
conv2d_simd_rsck,16,64,5,1,16,1,0,1,1735
conv2d_simd_rsck,16,64,5,1,16,1,1,1,1868
conv2d_simd_rsck,16,64,5,1,16,1,2,1,1968
conv2d_simd_rsck,16,64,5,1,16,2,0,1,463
conv2d_simd_rsck,16,64,5,1,16,2,1,1,487
conv2d_simd_rsck,16,64,5,1,16,2,2,1,505
conv2d_simd_rsck,16,64,5,1,16,4,0,1,138
conv2d_simd_rsck,16,64,5,1,16,4,1,1,141
conv2d_simd_rsck,16,64,5,1,16,4,2,1,145
conv2d_simd_rsck,16,64,5,1,64,1,0,1,6383
conv2d_simd_rsck,16,64,5,1,64,1,1,1,6752
conv2d_simd_rsck,16,64,5,1,64,1,2,1,7569
conv2d_simd_rsck,16,64,5,1,64,2,0,1,1728
conv2d_simd_rsck,16,64,5,1,64,2,1,1,1815
conv2d_simd_rsck,16,64,5,1,64,2,2,1,1940
conv2d_simd_rsck,16,64,5,1,64,4,0,1,447
conv2d_simd_rsck,16,64,5,1,64,4,1,1,511
conv2d_simd_rsck,16,64,5,1,64,4,2,1,493
conv2d_simd_rsck,16,64,5,16,1,1,0,1,3847
conv2d_simd_rsck,16,64,5,16,1,1,1,1,4093
conv2d_simd_rsck,16,64,5,16,1,1,2,1,4289
conv2d_simd_rsck,16,64,5,16,1,2,0,1,1044
conv2d_simd_rsck,16,64,5,16,1,2,1,1,1063
conv2d_simd_rsck,16,64,5,16,1,2,2,1,1116
conv2d_simd_rsck,16,64,5,16,1,4,0,1,315
conv2d_simd_rsck,16,64,5,16,1,4,1,1,341
conv2d_simd_rsck,16,64,5,16,1,4,2,1,334
conv2d_simd_rsck,16,64,5,16,16,1,0,1,14256
conv2d_simd_rsck,16,64,5,16,16,1,1,1,15023
conv2d_simd_rsck,16,64,5,16,16,1,2,1,15792
conv2d_simd_rsck,16,64,5,16,16,2,0,1,3707
conv2d_simd_rsck,16,64,5,16,16,2,1,1,3913
conv2d_simd_rsck,16,64,5,16,16,2,2,1,4076
conv2d_simd_rsck,16,64,5,16,16,4,0,1,1007
conv2d_simd_rsck,16,64,5,16,16,4,1,1,1086
conv2d_simd_rsck,16,64,5,16,16,4,2,1,1064
conv2d_simd_rsck,16,64,5,16,64,1,0,1,53283
conv2d_simd_rsck,16,64,5,16,64,1,1,1,55860
conv2d_simd_rsck,16,64,5,16,64,1,2,1,58692
conv2d_simd_rsck,16,64,5,16,64,2,0,1,15148
conv2d_simd_rsck,16,64,5,16,64,2,1,1,15912
conv2d_simd_rsck,16,64,5,16,64,2,2,1,16371
conv2d_simd_rsck,16,64,5,16,64,4,0,1,3846
conv2d_simd_rsck,16,64,5,16,64,4,1,1,4324
conv2d_simd_rsck,16,64,5,16,64,4,2,1,4125
conv2d_simd_rsck,16,64,5,64,1,1,0,1,15145
conv2d_simd_rsck,16,64,5,64,1,1,1,1,16185
conv2d_simd_rsck,16,64,5,64,1,1,2,1,16634
conv2d_simd_rsck,16,64,5,64,1,2,0,1,4015
conv2d_simd_rsck,16,64,5,64,1,2,1,1,4273
conv2d_simd_rsck,16,64,5,64,1,2,2,1,4371
conv2d_simd_rsck,16,64,5,64,1,4,0,1,1110
conv2d_simd_rsck,16,64,5,64,1,4,1,1,1212
conv2d_simd_rsck,16,64,5,64,1,4,2,1,1181
conv2d_simd_rsck,16,64,5,64,16,1,0,1,54747
conv2d_simd_rsck,16,64,5,64,16,1,1,1,57465
conv2d_simd_rsck,16,64,5,64,16,1,2,1,59196
conv2d_simd_rsck,16,64,5,64,16,2,0,1,15645
conv2d_simd_rsck,16,64,5,64,16,2,1,1,16181
conv2d_simd_rsck,16,64,5,64,16,2,2,1,16816
conv2d_simd_rsck,16,64,5,64,16,4,0,1,4036
conv2d_simd_rsck,16,64,5,64,16,4,1,1,4398
conv2d_simd_rsck,16,64,5,64,16,4,2,1,4343
conv2d_simd_rsck,16,64,5,64,64,1,0,1,215437
conv2d_simd_rsck,16,64,5,64,64,1,1,1,221800
conv2d_simd_rsck,16,64,5,64,64,1,2,1,231690
conv2d_simd_rsck,16,64,5,64,64,2,0,1,54558
conv2d_simd_rsck,16,64,5,64,64,2,1,1,57596
conv2d_simd_rsck,16,64,5,64,64,2,2,1,59508
conv2d_simd_rsck,16,64,5,64,64,4,0,1,15451
conv2d_simd_rsck,16,64,5,64,64,4,1,1,17286
conv2d_simd_rsck,16,64,5,64,64,4,2,1,16659
conv2d_simd_rsck,16,128,1,1,1,1,0,1,362
conv2d_simd_rsck,16,128,1,1,1,2,0,1,108
conv2d_simd_rsck,16,128,1,1,1,4,0,1,56
conv2d_simd_rsck,16,128,1,1,16,1,0,1,1266
conv2d_simd_rsck,16,128,1,1,16,2,0,1,336
conv2d_simd_rsck,16,128,1,1,16,4,0,1,110
conv2d_simd_rsck,16,128,1,1,64,1,0,1,4927
conv2d_simd_rsck,16,128,1,1,64,2,0,1,1301
conv2d_simd_rsck,16,128,1,1,64,4,0,1,339
conv2d_simd_rsck,16,128,1,16,1,1,0,1,698
conv2d_simd_rsck,16,128,1,16,1,2,0,1,259
conv2d_simd_rsck,16,128,1,16,1,4,0,1,140
conv2d_simd_rsck,16,128,1,16,16,1,0,1,2511
conv2d_simd_rsck,16,128,1,16,16,2,0,1,718
conv2d_simd_rsck,16,128,1,16,16,4,0,1,235
conv2d_simd_rsck,16,128,1,16,64,1,0,1,10813
conv2d_simd_rsck,16,128,1,16,64,2,0,1,2777
conv2d_simd_rsck,16,128,1,16,64,4,0,1,716
conv2d_simd_rsck,16,128,1,64,1,1,0,1,2258
conv2d_simd_rsck,16,128,1,64,1,2,0,1,770
conv2d_simd_rsck,16,128,1,64,1,4,0,1,388
conv2d_simd_rsck,16,128,1,64,16,1,0,1,8221
conv2d_simd_rsck,16,128,1,64,16,2,0,1,2143
conv2d_simd_rsck,16,128,1,64,16,4,0,1,626
conv2d_simd_rsck,16,128,1,64,64,1,0,1,30583
conv2d_simd_rsck,16,128,1,64,64,2,0,1,8147
conv2d_simd_rsck,16,128,1,64,64,4,0,1,2122
conv2d_simd_rsck,16,128,3,1,1,1,0,1,1002
conv2d_simd_rsck,16,128,3,1,1,1,1,1,1051
conv2d_simd_rsck,16,128,3,1,1,1,2,1,1089
conv2d_simd_rsck,16,128,3,1,1,2,0,1,281
conv2d_simd_rsck,16,128,3,1,1,2,1,1,293
conv2d_simd_rsck,16,128,3,1,1,2,2,1,295
conv2d_simd_rsck,16,128,3,1,1,4,0,1,104
conv2d_simd_rsck,16,128,3,1,1,4,1,1,103
conv2d_simd_rsck,16,128,3,1,1,4,2,1,114
conv2d_simd_rsck,16,128,3,1,16,1,0,1,3757
conv2d_simd_rsck,16,128,3,1,16,1,1,1,3887
conv2d_simd_rsck,16,128,3,1,16,1,2,1,3953
conv2d_simd_rsck,16,128,3,1,16,2,0,1,964
conv2d_simd_rsck,16,128,3,1,16,2,1,1,981
conv2d_simd_rsck,16,128,3,1,16,2,2,1,1003
conv2d_simd_rsck,16,128,3,1,16,4,0,1,270
conv2d_simd_rsck,16,128,3,1,16,4,1,1,267
conv2d_simd_rsck,16,128,3,1,16,4,2,1,273
conv2d_simd_rsck,16,128,3,1,64,1,0,1,14467
conv2d_simd_rsck,16,128,3,1,64,1,1,1,14957
conv2d_simd_rsck,16,128,3,1,64,1,2,1,15305
conv2d_simd_rsck,16,128,3,1,64,2,0,1,3735
conv2d_simd_rsck,16,128,3,1,64,2,1,1,4075
conv2d_simd_rsck,16,128,3,1,64,2,2,1,3976
conv2d_simd_rsck,16,128,3,1,64,4,0,1,987
conv2d_simd_rsck,16,128,3,1,64,4,1,1,958
conv2d_simd_rsck,16,128,3,1,64,4,2,1,1022
conv2d_simd_rsck,16,128,3,16,1,1,0,1,5750
conv2d_simd_rsck,16,128,3,16,1,1,1,1,5830
conv2d_simd_rsck,16,128,3,16,1,1,2,1,5916
conv2d_simd_rsck,16,128,3,16,1,2,0,1,1559
conv2d_simd_rsck,16,128,3,16,1,2,1,1,1580
conv2d_simd_rsck,16,128,3,16,1,2,2,1,1601
conv2d_simd_rsck,16,128,3,16,1,4,0,1,501
conv2d_simd_rsck,16,128,3,16,1,4,1,1,452
conv2d_simd_rsck,16,128,3,16,1,4,2,1,485
conv2d_simd_rsck,16,128,3,16,16,1,0,1,18865
conv2d_simd_rsck,16,128,3,16,16,1,1,1,19118
conv2d_simd_rsck,16,128,3,16,16,1,2,1,19218
conv2d_simd_rsck,16,128,3,16,16,2,0,1,4893
conv2d_simd_rsck,16,128,3,16,16,2,1,1,5005
conv2d_simd_rsck,16,128,3,16,16,2,2,1,5064
conv2d_simd_rsck,16,128,3,16,16,4,0,1,1309
conv2d_simd_rsck,16,128,3,16,16,4,1,1,1262
conv2d_simd_rsck,16,128,3,16,16,4,2,1,1304
conv2d_simd_rsck,16,128,3,16,64,1,0,1,68858
conv2d_simd_rsck,16,128,3,16,64,1,1,1,70410
conv2d_simd_rsck,16,128,3,16,64,1,2,1,70299
conv2d_simd_rsck,16,128,3,16,64,2,0,1,18917
conv2d_simd_rsck,16,128,3,16,64,2,1,1,19655
conv2d_simd_rsck,16,128,3,16,64,2,2,1,19344
conv2d_simd_rsck,16,128,3,16,64,4,0,1,5124
conv2d_simd_rsck,16,128,3,16,64,4,1,1,4986
conv2d_simd_rsck,16,128,3,16,64,4,2,1,5050
conv2d_simd_rsck,16,128,3,64,1,1,0,1,21530
conv2d_simd_rsck,16,128,3,64,1,1,1,1,21711
conv2d_simd_rsck,16,128,3,64,1,1,2,1,23605
conv2d_simd_rsck,16,128,3,64,1,2,0,1,6244
conv2d_simd_rsck,16,128,3,64,1,2,1,1,6292
conv2d_simd_rsck,16,128,3,64,1,2,2,1,6318
conv2d_simd_rsck,16,128,3,64,1,4,0,1,1709
conv2d_simd_rsck,16,128,3,64,1,4,1,1,1684
conv2d_simd_rsck,16,128,3,64,1,4,2,1,1701
conv2d_simd_rsck,16,128,3,64,16,1,0,1,80321
conv2d_simd_rsck,16,128,3,64,16,1,1,1,82525
conv2d_simd_rsck,16,128,3,64,16,1,2,1,82027
conv2d_simd_rsck,16,128,3,64,16,2,0,1,21700
conv2d_simd_rsck,16,128,3,64,16,2,1,1,22631
conv2d_simd_rsck,16,128,3,64,16,2,2,1,22061
conv2d_simd_rsck,16,128,3,64,16,4,0,1,6036
conv2d_simd_rsck,16,128,3,64,16,4,1,1,6003
conv2d_simd_rsck,16,128,3,64,16,4,2,1,6118
conv2d_simd_rsck,16,128,3,64,64,1,0,1,324330
conv2d_simd_rsck,16,128,3,64,64,1,1,1,330182
conv2d_simd_rsck,16,128,3,64,64,1,2,1,332804
conv2d_simd_rsck,16,128,3,64,64,2,0,1,83476
conv2d_simd_rsck,16,128,3,64,64,2,1,1,84760
conv2d_simd_rsck,16,128,3,64,64,2,2,1,83837
conv2d_simd_rsck,16,128,3,64,64,4,0,1,22545
conv2d_simd_rsck,16,128,3,64,64,4,1,1,22870
conv2d_simd_rsck,16,128,3,64,64,4,2,1,23491
conv2d_simd_rsck,16,128,5,1,1,1,0,1,1897
conv2d_simd_rsck,16,128,5,1,1,1,1,1,1903
conv2d_simd_rsck,16,128,5,1,1,1,2,1,1953
conv2d_simd_rsck,16,128,5,1,1,2,0,1,499
conv2d_simd_rsck,16,128,5,1,1,2,1,1,518
conv2d_simd_rsck,16,128,5,1,1,2,2,1,534
conv2d_simd_rsck,16,128,5,1,1,4,0,1,147
conv2d_simd_rsck,16,128,5,1,1,4,1,1,160
conv2d_simd_rsck,16,128,5,1,1,4,2,1,161
conv2d_simd_rsck,16,128,5,1,16,1,0,1,6900
conv2d_simd_rsck,16,128,5,1,16,1,1,1,7870
conv2d_simd_rsck,16,128,5,1,16,1,2,1,7879
conv2d_simd_rsck,16,128,5,1,16,2,0,1,1905
conv2d_simd_rsck,16,128,5,1,16,2,1,1,2076
conv2d_simd_rsck,16,128,5,1,16,2,2,1,1961
conv2d_simd_rsck,16,128,5,1,16,4,0,1,494
conv2d_simd_rsck,16,128,5,1,16,4,1,1,516
conv2d_simd_rsck,16,128,5,1,16,4,2,1,536
conv2d_simd_rsck,16,128,5,1,64,1,0,1,27772
conv2d_simd_rsck,16,128,5,1,64,1,1,1,28174
conv2d_simd_rsck,16,128,5,1,64,1,2,1,29482
conv2d_simd_rsck,16,128,5,1,64,2,0,1,6752
conv2d_simd_rsck,16,128,5,1,64,2,1,1,7424
conv2d_simd_rsck,16,128,5,1,64,2,2,1,7666
conv2d_simd_rsck,16,128,5,1,64,4,0,1,1834
conv2d_simd_rsck,16,128,5,1,64,4,1,1,1980
conv2d_simd_rsck,16,128,5,1,64,4,2,1,1918
conv2d_simd_rsck,16,128,5,16,1,1,0,1,15618
conv2d_simd_rsck,16,128,5,16,1,1,1,1,16008
conv2d_simd_rsck,16,128,5,16,1,1,2,1,16724
conv2d_simd_rsck,16,128,5,16,1,2,0,1,4248
conv2d_simd_rsck,16,128,5,16,1,2,1,1,4341
conv2d_simd_rsck,16,128,5,16,1,2,2,1,4334
conv2d_simd_rsck,16,128,5,16,1,4,0,1,1146
conv2d_simd_rsck,16,128,5,16,1,4,1,1,1223
conv2d_simd_rsck,16,128,5,16,1,4,2,1,1211
conv2d_simd_rsck,16,128,5,16,16,1,0,1,52589
conv2d_simd_rsck,16,128,5,16,16,1,1,1,54138
conv2d_simd_rsck,16,128,5,16,16,1,2,1,55674
conv2d_simd_rsck,16,128,5,16,16,2,0,1,15281
conv2d_simd_rsck,16,128,5,16,16,2,1,1,15889
conv2d_simd_rsck,16,128,5,16,16,2,2,1,15939
conv2d_simd_rsck,16,128,5,16,16,4,0,1,3971
conv2d_simd_rsck,16,128,5,16,16,4,1,1,4128
conv2d_simd_rsck,16,128,5,16,16,4,2,1,4100
conv2d_simd_rsck,16,128,5,16,64,1,0,1,221656
conv2d_simd_rsck,16,128,5,16,64,1,1,1,225280
conv2d_simd_rsck,16,128,5,16,64,1,2,1,231829
conv2d_simd_rsck,16,128,5,16,64,2,0,1,56569
conv2d_simd_rsck,16,128,5,16,64,2,1,1,58578
conv2d_simd_rsck,16,128,5,16,64,2,2,1,59667
conv2d_simd_rsck,16,128,5,16,64,4,0,1,16234
conv2d_simd_rsck,16,128,5,16,64,4,1,1,16877
conv2d_simd_rsck,16,128,5,16,64,4,2,1,16752
conv2d_simd_rsck,16,128,5,64,1,1,0,1,56770
conv2d_simd_rsck,16,128,5,64,1,1,1,1,58387
conv2d_simd_rsck,16,128,5,64,1,1,2,1,59770
conv2d_simd_rsck,16,128,5,64,1,2,0,1,16038
conv2d_simd_rsck,16,128,5,64,1,2,1,1,16387
conv2d_simd_rsck,16,128,5,64,1,2,2,1,16919
conv2d_simd_rsck,16,128,5,64,1,4,0,1,4252
conv2d_simd_rsck,16,128,5,64,1,4,1,1,4433
conv2d_simd_rsck,16,128,5,64,1,4,2,1,4415
conv2d_simd_rsck,16,128,5,64,16,1,0,1,224390
conv2d_simd_rsck,16,128,5,64,16,1,1,1,230846
conv2d_simd_rsck,16,128,5,64,16,1,2,1,236741
conv2d_simd_rsck,16,128,5,64,16,2,0,1,58873
conv2d_simd_rsck,16,128,5,64,16,2,1,1,59865
conv2d_simd_rsck,16,128,5,64,16,2,2,1,59502
conv2d_simd_rsck,16,128,5,64,16,4,0,1,16694
conv2d_simd_rsck,16,128,5,64,16,4,1,1,17442
conv2d_simd_rsck,16,128,5,64,16,4,2,1,17086
conv2d_simd_rsck,16,128,5,64,64,1,0,1,892256
conv2d_simd_rsck,16,128,5,64,64,1,1,1,917087
conv2d_simd_rsck,16,128,5,64,64,1,2,1,932543
conv2d_simd_rsck,16,128,5,64,64,2,0,1,226276
conv2d_simd_rsck,16,128,5,64,64,2,1,1,230518
conv2d_simd_rsck,16,128,5,64,64,2,2,1,235320
conv2d_simd_rsck,16,128,5,64,64,4,0,1,57583
conv2d_simd_rsck,16,128,5,64,64,4,1,1,61237
conv2d_simd_rsck,16,128,5,64,64,4,2,1,60010
conv2d_simd_rsck,32,32,1,1,1,1,0,1,82
conv2d_simd_rsck,32,32,1,1,1,2,0,1,37
conv2d_simd_rsck,32,32,1,1,1,4,0,1,26
conv2d_simd_rsck,32,32,1,1,16,1,0,1,192
conv2d_simd_rsck,32,32,1,1,16,2,0,1,68
conv2d_simd_rsck,32,32,1,1,16,4,0,1,28
conv2d_simd_rsck,32,32,1,1,64,1,0,1,636
conv2d_simd_rsck,32,32,1,1,64,2,0,1,187
conv2d_simd_rsck,32,32,1,1,64,4,0,1,72
conv2d_simd_rsck,32,32,1,16,1,1,0,1,117
conv2d_simd_rsck,32,32,1,16,1,2,0,1,58
conv2d_simd_rsck,32,32,1,16,1,4,0,1,42
conv2d_simd_rsck,32,32,1,16,16,1,0,1,378
conv2d_simd_rsck,32,32,1,16,16,2,0,1,118
conv2d_simd_rsck,32,32,1,16,16,4,0,1,54
conv2d_simd_rsck,32,32,1,16,64,1,0,1,1337
conv2d_simd_rsck,32,32,1,16,64,2,0,1,385
conv2d_simd_rsck,32,32,1,16,64,4,0,1,120
conv2d_simd_rsck,32,32,1,64,1,1,0,1,363
conv2d_simd_rsck,32,32,1,64,1,2,0,1,153
conv2d_simd_rsck,32,32,1,64,1,4,0,1,90
conv2d_simd_rsck,32,32,1,64,16,1,0,1,1105
conv2d_simd_rsck,32,32,1,64,16,2,0,1,331
conv2d_simd_rsck,32,32,1,64,16,4,0,1,129
conv2d_simd_rsck,32,32,1,64,64,1,0,1,3887
conv2d_simd_rsck,32,32,1,64,64,2,0,1,1105
conv2d_simd_rsck,32,32,1,64,64,4,0,1,309
conv2d_simd_rsck,32,32,3,1,1,1,0,1,142
conv2d_simd_rsck,32,32,3,1,1,1,1,1,155
conv2d_simd_rsck,32,32,3,1,1,1,2,1,171
conv2d_simd_rsck,32,32,3,1,1,2,0,1,56
conv2d_simd_rsck,32,32,3,1,1,2,1,1,61
conv2d_simd_rsck,32,32,3,1,1,2,2,1,68
conv2d_simd_rsck,32,32,3,1,1,4,0,1,29
conv2d_simd_rsck,32,32,3,1,1,4,1,1,34
conv2d_simd_rsck,32,32,3,1,1,4,2,1,36
conv2d_simd_rsck,32,32,3,1,16,1,0,1,506
conv2d_simd_rsck,32,32,3,1,16,1,1,1,564
conv2d_simd_rsck,32,32,3,1,16,1,2,1,594
conv2d_simd_rsck,32,32,3,1,16,2,0,1,131
conv2d_simd_rsck,32,32,3,1,16,2,1,1,141
conv2d_simd_rsck,32,32,3,1,16,2,2,1,164
conv2d_simd_rsck,32,32,3,1,16,4,0,1,57
conv2d_simd_rsck,32,32,3,1,16,4,1,1,55
conv2d_simd_rsck,32,32,3,1,16,4,2,1,59
conv2d_simd_rsck,32,32,3,1,64,1,0,1,1720
conv2d_simd_rsck,32,32,3,1,64,1,1,1,1911
conv2d_simd_rsck,32,32,3,1,64,1,2,1,1828
conv2d_simd_rsck,32,32,3,1,64,2,0,1,508
conv2d_simd_rsck,32,32,3,1,64,2,1,1,562
conv2d_simd_rsck,32,32,3,1,64,2,2,1,596
conv2d_simd_rsck,32,32,3,1,64,4,0,1,140
conv2d_simd_rsck,32,32,3,1,64,4,1,1,135
conv2d_simd_rsck,32,32,3,1,64,4,2,1,166
conv2d_simd_rsck,32,32,3,16,1,1,0,1,648
conv2d_simd_rsck,32,32,3,16,1,1,1,1,696
conv2d_simd_rsck,32,32,3,16,1,1,2,1,743
conv2d_simd_rsck,32,32,3,16,1,2,0,1,187
conv2d_simd_rsck,32,32,3,16,1,2,1,1,199
conv2d_simd_rsck,32,32,3,16,1,2,2,1,205
conv2d_simd_rsck,32,32,3,16,1,4,0,1,96
conv2d_simd_rsck,32,32,3,16,1,4,1,1,80
conv2d_simd_rsck,32,32,3,16,1,4,2,1,86
conv2d_simd_rsck,32,32,3,16,16,1,0,1,2149
conv2d_simd_rsck,32,32,3,16,16,1,1,1,2336
conv2d_simd_rsck,32,32,3,16,16,1,2,1,2432
conv2d_simd_rsck,32,32,3,16,16,2,0,1,604
conv2d_simd_rsck,32,32,3,16,16,2,1,1,645
conv2d_simd_rsck,32,32,3,16,16,2,2,1,668
conv2d_simd_rsck,32,32,3,16,16,4,0,1,199
conv2d_simd_rsck,32,32,3,16,16,4,1,1,181
conv2d_simd_rsck,32,32,3,16,16,4,2,1,206
conv2d_simd_rsck,32,32,3,16,64,1,0,1,8187
conv2d_simd_rsck,32,32,3,16,64,1,1,1,9157
conv2d_simd_rsck,32,32,3,16,64,1,2,1,9138
conv2d_simd_rsck,32,32,3,16,64,2,0,1,2150
conv2d_simd_rsck,32,32,3,16,64,2,1,1,2318
conv2d_simd_rsck,32,32,3,16,64,2,2,1,2439
conv2d_simd_rsck,32,32,3,16,64,4,0,1,679
conv2d_simd_rsck,32,32,3,16,64,4,1,1,617
conv2d_simd_rsck,32,32,3,16,64,4,2,1,671
conv2d_simd_rsck,32,32,3,64,1,1,0,1,2478
conv2d_simd_rsck,32,32,3,64,1,1,1,1,2702
conv2d_simd_rsck,32,32,3,64,1,1,2,1,2807
conv2d_simd_rsck,32,32,3,64,1,2,0,1,668
conv2d_simd_rsck,32,32,3,64,1,2,1,1,713
conv2d_simd_rsck,32,32,3,64,1,2,2,1,815
conv2d_simd_rsck,32,32,3,64,1,4,0,1,253
conv2d_simd_rsck,32,32,3,64,1,4,1,1,233
conv2d_simd_rsck,32,32,3,64,1,4,2,1,240
conv2d_simd_rsck,32,32,3,64,16,1,0,1,9416
conv2d_simd_rsck,32,32,3,64,16,1,1,1,10199
conv2d_simd_rsck,32,32,3,64,16,1,2,1,10500
conv2d_simd_rsck,32,32,3,64,16,2,0,1,2429
conv2d_simd_rsck,32,32,3,64,16,2,1,1,2654
conv2d_simd_rsck,32,32,3,64,16,2,2,1,2690
conv2d_simd_rsck,32,32,3,64,16,4,0,1,763
conv2d_simd_rsck,32,32,3,64,16,4,1,1,710
conv2d_simd_rsck,32,32,3,64,16,4,2,1,759
conv2d_simd_rsck,32,32,3,64,64,1,0,1,39072
conv2d_simd_rsck,32,32,3,64,64,1,1,1,41662
conv2d_simd_rsck,32,32,3,64,64,1,2,1,43129
conv2d_simd_rsck,32,32,3,64,64,2,0,1,9651
conv2d_simd_rsck,32,32,3,64,64,2,1,1,10362
conv2d_simd_rsck,32,32,3,64,64,2,2,1,10844
conv2d_simd_rsck,32,32,3,64,64,4,0,1,2834
conv2d_simd_rsck,32,32,3,64,64,4,1,1,2630
conv2d_simd_rsck,32,32,3,64,64,4,2,1,2814
conv2d_simd_rsck,32,32,5,1,1,1,0,1,221
conv2d_simd_rsck,32,32,5,1,1,1,1,1,267
conv2d_simd_rsck,32,32,5,1,1,1,2,1,297
conv2d_simd_rsck,32,32,5,1,1,2,0,1,75
conv2d_simd_rsck,32,32,5,1,1,2,1,1,84
conv2d_simd_rsck,32,32,5,1,1,2,2,1,91
conv2d_simd_rsck,32,32,5,1,1,4,0,1,40
conv2d_simd_rsck,32,32,5,1,1,4,1,1,44
conv2d_simd_rsck,32,32,5,1,1,4,2,1,43
conv2d_simd_rsck,32,32,5,1,16,1,0,1,810
conv2d_simd_rsck,32,32,5,1,16,1,1,1,929
conv2d_simd_rsck,32,32,5,1,16,1,2,1,1042
conv2d_simd_rsck,32,32,5,1,16,2,0,1,208
conv2d_simd_rsck,32,32,5,1,16,2,1,1,251
conv2d_simd_rsck,32,32,5,1,16,2,2,1,262
conv2d_simd_rsck,32,32,5,1,16,4,0,1,74
conv2d_simd_rsck,32,32,5,1,16,4,1,1,96
conv2d_simd_rsck,32,32,5,1,16,4,2,1,100
conv2d_simd_rsck,32,32,5,1,64,1,0,1,2911
conv2d_simd_rsck,32,32,5,1,64,1,1,1,3293
conv2d_simd_rsck,32,32,5,1,64,1,2,1,3734
conv2d_simd_rsck,32,32,5,1,64,2,0,1,810
conv2d_simd_rsck,32,32,5,1,64,2,1,1,929
conv2d_simd_rsck,32,32,5,1,64,2,2,1,1036
conv2d_simd_rsck,32,32,5,1,64,4,0,1,197
conv2d_simd_rsck,32,32,5,1,64,4,1,1,275
conv2d_simd_rsck,32,32,5,1,64,4,2,1,246
conv2d_simd_rsck,32,32,5,16,1,1,0,1,1509
conv2d_simd_rsck,32,32,5,16,1,1,1,1,1672
conv2d_simd_rsck,32,32,5,16,1,1,2,1,1858
conv2d_simd_rsck,32,32,5,16,1,2,0,1,405
conv2d_simd_rsck,32,32,5,16,1,2,1,1,446
conv2d_simd_rsck,32,32,5,16,1,2,2,1,488
conv2d_simd_rsck,32,32,5,16,1,4,0,1,132
conv2d_simd_rsck,32,32,5,16,1,4,1,1,154
conv2d_simd_rsck,32,32,5,16,1,4,2,1,144
conv2d_simd_rsck,32,32,5,16,16,1,0,1,5557
conv2d_simd_rsck,32,32,5,16,16,1,1,1,6199
conv2d_simd_rsck,32,32,5,16,16,1,2,1,6693
conv2d_simd_rsck,32,32,5,16,16,2,0,1,1497
conv2d_simd_rsck,32,32,5,16,16,2,1,1,1602
conv2d_simd_rsck,32,32,5,16,16,2,2,1,1711
conv2d_simd_rsck,32,32,5,16,16,4,0,1,408
conv2d_simd_rsck,32,32,5,16,16,4,1,1,488
conv2d_simd_rsck,32,32,5,16,16,4,2,1,470
conv2d_simd_rsck,32,32,5,16,64,1,0,1,22993
conv2d_simd_rsck,32,32,5,16,64,1,1,1,26159
conv2d_simd_rsck,32,32,5,16,64,1,2,1,28485
conv2d_simd_rsck,32,32,5,16,64,2,0,1,6198
conv2d_simd_rsck,32,32,5,16,64,2,1,1,6894
conv2d_simd_rsck,32,32,5,16,64,2,2,1,7402
conv2d_simd_rsck,32,32,5,16,64,4,0,1,1621
conv2d_simd_rsck,32,32,5,16,64,4,1,1,1992
conv2d_simd_rsck,32,32,5,16,64,4,2,1,1892
conv2d_simd_rsck,32,32,5,64,1,1,0,1,6190
conv2d_simd_rsck,32,32,5,64,1,1,1,1,6878
conv2d_simd_rsck,32,32,5,64,1,1,2,1,7406
conv2d_simd_rsck,32,32,5,64,1,2,0,1,1592
conv2d_simd_rsck,32,32,5,64,1,2,1,1,1769
conv2d_simd_rsck,32,32,5,64,1,2,2,1,1897
conv2d_simd_rsck,32,32,5,64,1,4,0,1,466
conv2d_simd_rsck,32,32,5,64,1,4,1,1,555
conv2d_simd_rsck,32,32,5,64,1,4,2,1,521
conv2d_simd_rsck,32,32,5,64,16,1,0,1,24122
conv2d_simd_rsck,32,32,5,64,16,1,1,1,27197
conv2d_simd_rsck,32,32,5,64,16,1,2,1,29063
conv2d_simd_rsck,32,32,5,64,16,2,0,1,6117
conv2d_simd_rsck,32,32,5,64,16,2,1,1,6768
conv2d_simd_rsck,32,32,5,64,16,2,2,1,7365
conv2d_simd_rsck,32,32,5,64,16,4,0,1,1616
conv2d_simd_rsck,32,32,5,64,16,4,1,1,1960
conv2d_simd_rsck,32,32,5,64,16,4,2,1,1880
conv2d_simd_rsck,32,32,5,64,64,1,0,1,94376
conv2d_simd_rsck,32,32,5,64,64,1,1,1,105558
conv2d_simd_rsck,32,32,5,64,64,1,2,1,112967
conv2d_simd_rsck,32,32,5,64,64,2,0,1,24311
conv2d_simd_rsck,32,32,5,64,64,2,1,1,27120
conv2d_simd_rsck,32,32,5,64,64,2,2,1,29224
conv2d_simd_rsck,32,32,5,64,64,4,0,1,6303
conv2d_simd_rsck,32,32,5,64,64,4,1,1,7644
conv2d_simd_rsck,32,32,5,64,64,4,2,1,7122
conv2d_simd_rsck,32,64,1,1,1,1,0,1,213
conv2d_simd_rsck,32,64,1,1,1,2,0,1,79
conv2d_simd_rsck,32,64,1,1,1,4,0,1,33
conv2d_simd_rsck,32,64,1,1,16,1,0,1,644
conv2d_simd_rsck,32,64,1,1,16,2,0,1,187
conv2d_simd_rsck,32,64,1,1,16,4,0,1,80
conv2d_simd_rsck,32,64,1,1,64,1,0,1,2459
conv2d_simd_rsck,32,64,1,1,64,2,0,1,654
conv2d_simd_rsck,32,64,1,1,64,4,0,1,198
conv2d_simd_rsck,32,64,1,16,1,1,0,1,370
conv2d_simd_rsck,32,64,1,16,1,2,0,1,161
conv2d_simd_rsck,32,64,1,16,1,4,0,1,94
conv2d_simd_rsck,32,64,1,16,16,1,0,1,1390
conv2d_simd_rsck,32,64,1,16,16,2,0,1,388
conv2d_simd_rsck,32,64,1,16,16,4,0,1,290
conv2d_simd_rsck,32,64,1,16,64,1,0,1,5529
conv2d_simd_rsck,32,64,1,16,64,2,0,1,1416
conv2d_simd_rsck,32,64,1,16,64,4,0,1,401
conv2d_simd_rsck,32,64,1,64,1,1,0,1,1236
conv2d_simd_rsck,32,64,1,64,1,2,0,1,421
conv2d_simd_rsck,32,64,1,64,1,4,0,1,212
conv2d_simd_rsck,32,64,1,64,16,1,0,1,3918
conv2d_simd_rsck,32,64,1,64,16,2,0,1,1145
conv2d_simd_rsck,32,64,1,64,16,4,0,1,384
conv2d_simd_rsck,32,64,1,64,64,1,0,1,14857
conv2d_simd_rsck,32,64,1,64,64,2,0,1,3896
conv2d_simd_rsck,32,64,1,64,64,4,0,1,1162
conv2d_simd_rsck,32,64,3,1,1,1,0,1,534
conv2d_simd_rsck,32,64,3,1,1,1,1,1,575
conv2d_simd_rsck,32,64,3,1,1,1,2,1,592
conv2d_simd_rsck,32,64,3,1,1,2,0,1,164
conv2d_simd_rsck,32,64,3,1,1,2,1,1,172
conv2d_simd_rsck,32,64,3,1,1,2,2,1,183
conv2d_simd_rsck,32,64,3,1,1,4,0,1,56
conv2d_simd_rsck,32,64,3,1,1,4,1,1,57
conv2d_simd_rsck,32,64,3,1,1,4,2,1,63
conv2d_simd_rsck,32,64,3,1,16,1,0,1,1857
conv2d_simd_rsck,32,64,3,1,16,1,1,1,1924
conv2d_simd_rsck,32,64,3,1,16,1,2,1,1791
conv2d_simd_rsck,32,64,3,1,16,2,0,1,536
conv2d_simd_rsck,32,64,3,1,16,2,1,1,574
conv2d_simd_rsck,32,64,3,1,16,2,2,1,607
conv2d_simd_rsck,32,64,3,1,16,4,0,1,180
conv2d_simd_rsck,32,64,3,1,16,4,1,1,159
conv2d_simd_rsck,32,64,3,1,16,4,2,1,171
conv2d_simd_rsck,32,64,3,1,64,1,0,1,6975
conv2d_simd_rsck,32,64,3,1,64,1,1,1,7293
conv2d_simd_rsck,32,64,3,1,64,1,2,1,7656
conv2d_simd_rsck,32,64,3,1,64,2,0,1,1863
conv2d_simd_rsck,32,64,3,1,64,2,1,1,1947
conv2d_simd_rsck,32,64,3,1,64,2,2,1,1797
conv2d_simd_rsck,32,64,3,1,64,4,0,1,564
conv2d_simd_rsck,32,64,3,1,64,4,1,1,569
conv2d_simd_rsck,32,64,3,1,64,4,2,1,600
conv2d_simd_rsck,32,64,3,16,1,1,0,1,2580
conv2d_simd_rsck,32,64,3,16,1,1,1,1,2696
conv2d_simd_rsck,32,64,3,16,1,1,2,1,2742
conv2d_simd_rsck,32,64,3,16,1,2,0,1,722
conv2d_simd_rsck,32,64,3,16,1,2,1,1,794
conv2d_simd_rsck,32,64,3,16,1,2,2,1,784
conv2d_simd_rsck,32,64,3,16,1,4,0,1,240
conv2d_simd_rsck,32,64,3,16,1,4,1,1,239
conv2d_simd_rsck,32,64,3,16,1,4,2,1,261
conv2d_simd_rsck,32,64,3,16,16,1,0,1,8863
conv2d_simd_rsck,32,64,3,16,16,1,1,1,9092
conv2d_simd_rsck,32,64,3,16,16,1,2,1,8952
conv2d_simd_rsck,32,64,3,16,16,2,0,1,2352
conv2d_simd_rsck,32,64,3,16,16,2,1,1,2402
conv2d_simd_rsck,32,64,3,16,16,2,2,1,2430
conv2d_simd_rsck,32,64,3,16,16,4,0,1,701
conv2d_simd_rsck,32,64,3,16,16,4,1,1,674
conv2d_simd_rsck,32,64,3,16,16,4,2,1,734
conv2d_simd_rsck,32,64,3,16,64,1,0,1,34464
conv2d_simd_rsck,32,64,3,16,64,1,1,1,35808
conv2d_simd_rsck,32,64,3,16,64,1,2,1,36405
conv2d_simd_rsck,32,64,3,16,64,2,0,1,8851
conv2d_simd_rsck,32,64,3,16,64,2,1,1,9165
conv2d_simd_rsck,32,64,3,16,64,2,2,1,9107
conv2d_simd_rsck,32,64,3,16,64,4,0,1,2466
conv2d_simd_rsck,32,64,3,16,64,4,1,1,2459
conv2d_simd_rsck,32,64,3,16,64,4,2,1,2457
conv2d_simd_rsck,32,64,3,64,1,1,0,1,10471
conv2d_simd_rsck,32,64,3,64,1,1,1,1,10791
conv2d_simd_rsck,32,64,3,64,1,1,2,1,11045
conv2d_simd_rsck,32,64,3,64,1,2,0,1,2678
conv2d_simd_rsck,32,64,3,64,1,2,1,1,2820
conv2d_simd_rsck,32,64,3,64,1,2,2,1,2852
conv2d_simd_rsck,32,64,3,64,1,4,0,1,826
conv2d_simd_rsck,32,64,3,64,1,4,1,1,784
conv2d_simd_rsck,32,64,3,64,1,4,2,1,819
conv2d_simd_rsck,32,64,3,64,16,1,0,1,40222
conv2d_simd_rsck,32,64,3,64,16,1,1,1,41139
conv2d_simd_rsck,32,64,3,64,16,1,2,1,42282
conv2d_simd_rsck,32,64,3,64,16,2,0,1,10023
conv2d_simd_rsck,32,64,3,64,16,2,1,1,10402
conv2d_simd_rsck,32,64,3,64,16,2,2,1,10655
conv2d_simd_rsck,32,64,3,64,16,4,0,1,2732
conv2d_simd_rsck,32,64,3,64,16,4,1,1,2611
conv2d_simd_rsck,32,64,3,64,16,4,2,1,2746
conv2d_simd_rsck,32,64,3,64,64,1,0,1,158956
conv2d_simd_rsck,32,64,3,64,64,1,1,1,165352
conv2d_simd_rsck,32,64,3,64,64,1,2,1,167876
conv2d_simd_rsck,32,64,3,64,64,2,0,1,41229
conv2d_simd_rsck,32,64,3,64,64,2,1,1,43554
conv2d_simd_rsck,32,64,3,64,64,2,2,1,43326
conv2d_simd_rsck,32,64,3,64,64,4,0,1,10986
conv2d_simd_rsck,32,64,3,64,64,4,1,1,10425
conv2d_simd_rsck,32,64,3,64,64,4,2,1,10778
conv2d_simd_rsck,32,64,5,1,1,1,0,1,946
conv2d_simd_rsck,32,64,5,1,1,1,1,1,1018
conv2d_simd_rsck,32,64,5,1,1,1,2,1,1055
conv2d_simd_rsck,32,64,5,1,1,2,0,1,292
conv2d_simd_rsck,32,64,5,1,1,2,1,1,299
conv2d_simd_rsck,32,64,5,1,1,2,2,1,321
conv2d_simd_rsck,32,64,5,1,1,4,0,1,92
conv2d_simd_rsck,32,64,5,1,1,4,1,1,82
conv2d_simd_rsck,32,64,5,1,1,4,2,1,90
conv2d_simd_rsck,32,64,5,1,16,1,0,1,3376
conv2d_simd_rsck,32,64,5,1,16,1,1,1,3621
conv2d_simd_rsck,32,64,5,1,16,1,2,1,3836
conv2d_simd_rsck,32,64,5,1,16,2,0,1,911
conv2d_simd_rsck,32,64,5,1,16,2,1,1,998
conv2d_simd_rsck,32,64,5,1,16,2,2,1,1068
conv2d_simd_rsck,32,64,5,1,16,4,0,1,254
conv2d_simd_rsck,32,64,5,1,16,4,1,1,268
conv2d_simd_rsck,32,64,5,1,16,4,2,1,274
conv2d_simd_rsck,32,64,5,1,64,1,0,1,12885
conv2d_simd_rsck,32,64,5,1,64,1,1,1,13550
conv2d_simd_rsck,32,64,5,1,64,1,2,1,14302
conv2d_simd_rsck,32,64,5,1,64,2,0,1,3389
conv2d_simd_rsck,32,64,5,1,64,2,1,1,3559
conv2d_simd_rsck,32,64,5,1,64,2,2,1,3799
conv2d_simd_rsck,32,64,5,1,64,4,0,1,929
conv2d_simd_rsck,32,64,5,1,64,4,1,1,1057
conv2d_simd_rsck,32,64,5,1,64,4,2,1,986
conv2d_simd_rsck,32,64,5,16,1,1,0,1,6787
conv2d_simd_rsck,32,64,5,16,1,1,1,1,7220
conv2d_simd_rsck,32,64,5,16,1,1,2,1,7479
conv2d_simd_rsck,32,64,5,16,1,2,0,1,1789
conv2d_simd_rsck,32,64,5,16,1,2,1,1,1847
conv2d_simd_rsck,32,64,5,16,1,2,2,1,1899
conv2d_simd_rsck,32,64,5,16,1,4,0,1,498
conv2d_simd_rsck,32,64,5,16,1,4,1,1,546
conv2d_simd_rsck,32,64,5,16,1,4,2,1,533
conv2d_simd_rsck,32,64,5,16,16,1,0,1,25791
conv2d_simd_rsck,32,64,5,16,16,1,1,1,27018
conv2d_simd_rsck,32,64,5,16,16,1,2,1,28232
conv2d_simd_rsck,32,64,5,16,16,2,0,1,6442
conv2d_simd_rsck,32,64,5,16,16,2,1,1,6825
conv2d_simd_rsck,32,64,5,16,16,2,2,1,6955
conv2d_simd_rsck,32,64,5,16,16,4,0,1,1697
conv2d_simd_rsck,32,64,5,16,16,4,1,1,1869
conv2d_simd_rsck,32,64,5,16,16,4,2,1,1805
conv2d_simd_rsck,32,64,5,16,64,1,0,1,104158
conv2d_simd_rsck,32,64,5,16,64,1,1,1,110158
conv2d_simd_rsck,32,64,5,16,64,1,2,1,114596
conv2d_simd_rsck,32,64,5,16,64,2,0,1,27169
conv2d_simd_rsck,32,64,5,16,64,2,1,1,28663
conv2d_simd_rsck,32,64,5,16,64,2,2,1,29894
conv2d_simd_rsck,32,64,5,16,64,4,0,1,7079
conv2d_simd_rsck,32,64,5,16,64,4,1,1,7832
conv2d_simd_rsck,32,64,5,16,64,4,2,1,7634
conv2d_simd_rsck,32,64,5,64,1,1,0,1,27513
conv2d_simd_rsck,32,64,5,64,1,1,1,1,29013
conv2d_simd_rsck,32,64,5,64,1,1,2,1,30103
conv2d_simd_rsck,32,64,5,64,1,2,0,1,7019
conv2d_simd_rsck,32,64,5,64,1,2,1,1,7398
conv2d_simd_rsck,32,64,5,64,1,2,2,1,7715
conv2d_simd_rsck,32,64,5,64,1,4,0,1,1839
conv2d_simd_rsck,32,64,5,64,1,4,1,1,2017
conv2d_simd_rsck,32,64,5,64,1,4,2,1,1973
conv2d_simd_rsck,32,64,5,64,16,1,0,1,107066
conv2d_simd_rsck,32,64,5,64,16,1,1,1,112114
conv2d_simd_rsck,32,64,5,64,16,1,2,1,117957
conv2d_simd_rsck,32,64,5,64,16,2,0,1,28033
conv2d_simd_rsck,32,64,5,64,16,2,1,1,29752
conv2d_simd_rsck,32,64,5,64,16,2,2,1,30699
conv2d_simd_rsck,32,64,5,64,16,4,0,1,7076
conv2d_simd_rsck,32,64,5,64,16,4,1,1,7702
conv2d_simd_rsck,32,64,5,64,16,4,2,1,7537
conv2d_simd_rsck,32,64,5,64,64,1,0,1,421701
conv2d_simd_rsck,32,64,5,64,64,1,1,1,442755
conv2d_simd_rsck,32,64,5,64,64,1,2,1,463751
conv2d_simd_rsck,32,64,5,64,64,2,0,1,106755
conv2d_simd_rsck,32,64,5,64,64,2,1,1,113261
conv2d_simd_rsck,32,64,5,64,64,2,2,1,116814
conv2d_simd_rsck,32,64,5,64,64,4,0,1,27774
conv2d_simd_rsck,32,64,5,64,64,4,1,1,31465
conv2d_simd_rsck,32,64,5,64,64,4,2,1,30470
conv2d_simd_rsck,32,128,1,1,1,1,0,1,752
conv2d_simd_rsck,32,128,1,1,1,2,0,1,210
conv2d_simd_rsck,32,128,1,1,1,4,0,1,81
conv2d_simd_rsck,32,128,1,1,16,1,0,1,2438
conv2d_simd_rsck,32,128,1,1,16,2,0,1,680
conv2d_simd_rsck,32,128,1,1,16,4,0,1,189
conv2d_simd_rsck,32,128,1,1,64,1,0,1,9493
conv2d_simd_rsck,32,128,1,1,64,2,0,1,2466
conv2d_simd_rsck,32,128,1,1,64,4,0,1,648
conv2d_simd_rsck,32,128,1,16,1,1,0,1,1408
conv2d_simd_rsck,32,128,1,16,1,2,0,1,539
conv2d_simd_rsck,32,128,1,16,1,4,0,1,232
conv2d_simd_rsck,32,128,1,16,16,1,0,1,5021
conv2d_simd_rsck,32,128,1,16,16,2,0,1,1413
conv2d_simd_rsck,32,128,1,16,16,4,0,1,443
conv2d_simd_rsck,32,128,1,16,64,1,0,1,19013
conv2d_simd_rsck,32,128,1,16,64,2,0,1,5395
conv2d_simd_rsck,32,128,1,16,64,4,0,1,1422
conv2d_simd_rsck,32,128,1,64,1,1,0,1,4280
conv2d_simd_rsck,32,128,1,64,1,2,0,1,1303
conv2d_simd_rsck,32,128,1,64,1,4,0,1,715
conv2d_simd_rsck,32,128,1,64,16,1,0,1,15103
conv2d_simd_rsck,32,128,1,64,16,2,0,1,4002
conv2d_simd_rsck,32,128,1,64,16,4,0,1,1249
conv2d_simd_rsck,32,128,1,64,64,1,0,1,58172
conv2d_simd_rsck,32,128,1,64,64,2,0,1,14814
conv2d_simd_rsck,32,128,1,64,64,4,0,1,4030
conv2d_simd_rsck,32,128,3,1,1,1,0,1,1922
conv2d_simd_rsck,32,128,3,1,1,1,1,1,1965
conv2d_simd_rsck,32,128,3,1,1,1,2,1,1990
conv2d_simd_rsck,32,128,3,1,1,2,0,1,548
conv2d_simd_rsck,32,128,3,1,1,2,1,1,585
conv2d_simd_rsck,32,128,3,1,1,2,2,1,588
conv2d_simd_rsck,32,128,3,1,1,4,0,1,185
conv2d_simd_rsck,32,128,3,1,1,4,1,1,178
conv2d_simd_rsck,32,128,3,1,1,4,2,1,182
conv2d_simd_rsck,32,128,3,1,16,1,0,1,7312
conv2d_simd_rsck,32,128,3,1,16,1,1,1,7451
conv2d_simd_rsck,32,128,3,1,16,1,2,1,7559
conv2d_simd_rsck,32,128,3,1,16,2,0,1,1932
conv2d_simd_rsck,32,128,3,1,16,2,1,1,1988
conv2d_simd_rsck,32,128,3,1,16,2,2,1,1779
conv2d_simd_rsck,32,128,3,1,16,4,0,1,567
conv2d_simd_rsck,32,128,3,1,16,4,1,1,564
conv2d_simd_rsck,32,128,3,1,16,4,2,1,590
conv2d_simd_rsck,32,128,3,1,64,1,0,1,26872
conv2d_simd_rsck,32,128,3,1,64,1,1,1,29846
conv2d_simd_rsck,32,128,3,1,64,1,2,1,30412
conv2d_simd_rsck,32,128,3,1,64,2,0,1,7176
conv2d_simd_rsck,32,128,3,1,64,2,1,1,7463
conv2d_simd_rsck,32,128,3,1,64,2,2,1,7542
conv2d_simd_rsck,32,128,3,1,64,4,0,1,2022
conv2d_simd_rsck,32,128,3,1,64,4,1,1,1915
conv2d_simd_rsck,32,128,3,1,64,4,2,1,1796
conv2d_simd_rsck,32,128,3,16,1,1,0,1,10175
conv2d_simd_rsck,32,128,3,16,1,1,1,1,10161
conv2d_simd_rsck,32,128,3,16,1,1,2,1,10342
conv2d_simd_rsck,32,128,3,16,1,2,0,1,2713
conv2d_simd_rsck,32,128,3,16,1,2,1,1,2765
conv2d_simd_rsck,32,128,3,16,1,2,2,1,2788
conv2d_simd_rsck,32,128,3,16,1,4,0,1,835
conv2d_simd_rsck,32,128,3,16,1,4,1,1,810
conv2d_simd_rsck,32,128,3,16,1,4,2,1,839
conv2d_simd_rsck,32,128,3,16,16,1,0,1,34821
conv2d_simd_rsck,32,128,3,16,16,1,1,1,35730
conv2d_simd_rsck,32,128,3,16,16,1,2,1,36440
conv2d_simd_rsck,32,128,3,16,16,2,0,1,9095
conv2d_simd_rsck,32,128,3,16,16,2,1,1,9223
conv2d_simd_rsck,32,128,3,16,16,2,2,1,9127
conv2d_simd_rsck,32,128,3,16,16,4,0,1,2493
conv2d_simd_rsck,32,128,3,16,16,4,1,1,2523
conv2d_simd_rsck,32,128,3,16,16,4,2,1,2521
conv2d_simd_rsck,32,128,3,16,64,1,0,1,135309
conv2d_simd_rsck,32,128,3,16,64,1,1,1,137217
conv2d_simd_rsck,32,128,3,16,64,1,2,1,141374
conv2d_simd_rsck,32,128,3,16,64,2,0,1,35846
conv2d_simd_rsck,32,128,3,16,64,2,1,1,36463
conv2d_simd_rsck,32,128,3,16,64,2,2,1,36668
conv2d_simd_rsck,32,128,3,16,64,4,0,1,9359
conv2d_simd_rsck,32,128,3,16,64,4,1,1,9134
conv2d_simd_rsck,32,128,3,16,64,4,2,1,9040
conv2d_simd_rsck,32,128,3,64,1,1,0,1,42155
conv2d_simd_rsck,32,128,3,64,1,1,1,1,42785
conv2d_simd_rsck,32,128,3,64,1,1,2,1,42927
conv2d_simd_rsck,32,128,3,64,1,2,0,1,10821
conv2d_simd_rsck,32,128,3,64,1,2,1,1,10943
conv2d_simd_rsck,32,128,3,64,1,2,2,1,11072
conv2d_simd_rsck,32,128,3,64,1,4,0,1,2881
conv2d_simd_rsck,32,128,3,64,1,4,1,1,2838
conv2d_simd_rsck,32,128,3,64,1,4,2,1,2856
conv2d_simd_rsck,32,128,3,64,16,1,0,1,157284
conv2d_simd_rsck,32,128,3,64,16,1,1,1,161299
conv2d_simd_rsck,32,128,3,64,16,1,2,1,162903
conv2d_simd_rsck,32,128,3,64,16,2,0,1,40558
conv2d_simd_rsck,32,128,3,64,16,2,1,1,42086
conv2d_simd_rsck,32,128,3,64,16,2,2,1,42093
conv2d_simd_rsck,32,128,3,64,16,4,0,1,10833
conv2d_simd_rsck,32,128,3,64,16,4,1,1,10536
conv2d_simd_rsck,32,128,3,64,16,4,2,1,10789
conv2d_simd_rsck,32,128,3,64,64,1,0,1,653435
conv2d_simd_rsck,32,128,3,64,64,1,1,1,666931
conv2d_simd_rsck,32,128,3,64,64,1,2,1,672599
conv2d_simd_rsck,32,128,3,64,64,2,0,1,166225
conv2d_simd_rsck,32,128,3,64,64,2,1,1,169245
conv2d_simd_rsck,32,128,3,64,64,2,2,1,170999
conv2d_simd_rsck,32,128,3,64,64,4,0,1,43715
conv2d_simd_rsck,32,128,3,64,64,4,1,1,43274
conv2d_simd_rsck,32,128,3,64,64,4,2,1,44063
conv2d_simd_rsck,32,128,5,1,1,1,0,1,3703
conv2d_simd_rsck,32,128,5,1,1,1,1,1,3768
conv2d_simd_rsck,32,128,5,1,1,1,2,1,3875
conv2d_simd_rsck,32,128,5,1,1,2,0,1,960
conv2d_simd_rsck,32,128,5,1,1,2,1,1,1009
conv2d_simd_rsck,32,128,5,1,1,2,2,1,1016
conv2d_simd_rsck,32,128,5,1,1,4,0,1,288
conv2d_simd_rsck,32,128,5,1,1,4,1,1,306
conv2d_simd_rsck,32,128,5,1,1,4,2,1,321
conv2d_simd_rsck,32,128,5,1,16,1,0,1,13684
conv2d_simd_rsck,32,128,5,1,16,1,1,1,14735
conv2d_simd_rsck,32,128,5,1,16,1,2,1,14633
conv2d_simd_rsck,32,128,5,1,16,2,0,1,3760
conv2d_simd_rsck,32,128,5,1,16,2,1,1,3798
conv2d_simd_rsck,32,128,5,1,16,2,2,1,4192
conv2d_simd_rsck,32,128,5,1,16,4,0,1,1049
conv2d_simd_rsck,32,128,5,1,16,4,1,1,1083
conv2d_simd_rsck,32,128,5,1,16,4,2,1,1008
conv2d_simd_rsck,32,128,5,1,64,1,0,1,54678
conv2d_simd_rsck,32,128,5,1,64,1,1,1,56557
conv2d_simd_rsck,32,128,5,1,64,1,2,1,59362
conv2d_simd_rsck,32,128,5,1,64,2,0,1,15154
conv2d_simd_rsck,32,128,5,1,64,2,1,1,16435
conv2d_simd_rsck,32,128,5,1,64,2,2,1,16134
conv2d_simd_rsck,32,128,5,1,64,4,0,1,3542
conv2d_simd_rsck,32,128,5,1,64,4,1,1,3813
conv2d_simd_rsck,32,128,5,1,64,4,2,1,3793
conv2d_simd_rsck,32,128,5,16,1,1,0,1,29111
conv2d_simd_rsck,32,128,5,16,1,1,1,1,30439
conv2d_simd_rsck,32,128,5,16,1,1,2,1,30618
conv2d_simd_rsck,32,128,5,16,1,2,0,1,7331
conv2d_simd_rsck,32,128,5,16,1,2,1,1,7424
conv2d_simd_rsck,32,128,5,16,1,2,2,1,7588
conv2d_simd_rsck,32,128,5,16,1,4,0,1,1932
conv2d_simd_rsck,32,128,5,16,1,4,1,1,1966
conv2d_simd_rsck,32,128,5,16,1,4,2,1,1991
conv2d_simd_rsck,32,128,5,16,16,1,0,1,107287
conv2d_simd_rsck,32,128,5,16,16,1,1,1,108965
conv2d_simd_rsck,32,128,5,16,16,1,2,1,111783
conv2d_simd_rsck,32,128,5,16,16,2,0,1,27963
conv2d_simd_rsck,32,128,5,16,16,2,1,1,28553
conv2d_simd_rsck,32,128,5,16,16,2,2,1,29109
conv2d_simd_rsck,32,128,5,16,16,4,0,1,6908
conv2d_simd_rsck,32,128,5,16,16,4,1,1,7248
conv2d_simd_rsck,32,128,5,16,16,4,2,1,7228
conv2d_simd_rsck,32,128,5,16,64,1,0,1,440626
conv2d_simd_rsck,32,128,5,16,64,1,1,1,453881
conv2d_simd_rsck,32,128,5,16,64,1,2,1,467977
conv2d_simd_rsck,32,128,5,16,64,2,0,1,113313
conv2d_simd_rsck,32,128,5,16,64,2,1,1,117088
conv2d_simd_rsck,32,128,5,16,64,2,2,1,117617
conv2d_simd_rsck,32,128,5,16,64,4,0,1,29893
conv2d_simd_rsck,32,128,5,16,64,4,1,1,31516
conv2d_simd_rsck,32,128,5,16,64,4,2,1,31308
conv2d_simd_rsck,32,128,5,64,1,1,0,1,114326
conv2d_simd_rsck,32,128,5,64,1,1,1,1,115559
conv2d_simd_rsck,32,128,5,64,1,1,2,1,123922
conv2d_simd_rsck,32,128,5,64,1,2,0,1,29549
conv2d_simd_rsck,32,128,5,64,1,2,1,1,30359
conv2d_simd_rsck,32,128,5,64,1,2,2,1,31216
conv2d_simd_rsck,32,128,5,64,1,4,0,1,7521
conv2d_simd_rsck,32,128,5,64,1,4,1,1,7836
conv2d_simd_rsck,32,128,5,64,1,4,2,1,8134
conv2d_simd_rsck,32,128,5,64,16,1,0,1,458738
conv2d_simd_rsck,32,128,5,64,16,1,1,1,467252
conv2d_simd_rsck,32,128,5,64,16,1,2,1,477117
conv2d_simd_rsck,32,128,5,64,16,2,0,1,117198
conv2d_simd_rsck,32,128,5,64,16,2,1,1,119492
conv2d_simd_rsck,32,128,5,64,16,2,2,1,120741
conv2d_simd_rsck,32,128,5,64,16,4,0,1,30228
conv2d_simd_rsck,32,128,5,64,16,4,1,1,31758
conv2d_simd_rsck,32,128,5,64,16,4,2,1,31467
conv2d_simd_rsck,32,128,5,64,64,1,0,1,1841959
conv2d_simd_rsck,32,128,5,64,64,1,1,1,1845411
conv2d_simd_rsck,32,128,5,64,64,1,2,1,1878987
conv2d_simd_rsck,32,128,5,64,64,2,0,1,453092
conv2d_simd_rsck,32,128,5,64,64,2,1,1,463694
conv2d_simd_rsck,32,128,5,64,64,2,2,1,474286
conv2d_simd_rsck,32,128,5,64,64,4,0,1,116620
conv2d_simd_rsck,32,128,5,64,64,4,1,1,119783
conv2d_simd_rsck,32,128,5,64,64,4,2,1,119087
conv2d_simd_krsc,16,32,1,1,1,1,0,1,59
conv2d_simd_krsc,16,32,1,1,1,2,0,1,36
conv2d_simd_krsc,16,32,1,1,1,4,0,1,29
conv2d_simd_krsc,16,32,1,1,16,1,0,1,410
conv2d_simd_krsc,16,32,1,1,16,2,0,1,141
conv2d_simd_krsc,16,32,1,1,16,4,0,1,59
conv2d_simd_krsc,16,32,1,1,64,1,0,1,1506
conv2d_simd_krsc,16,32,1,1,64,2,0,1,375
conv2d_simd_krsc,16,32,1,1,64,4,0,1,122
conv2d_simd_krsc,16,32,1,16,1,1,0,1,67
conv2d_simd_krsc,16,32,1,16,1,2,0,1,46
conv2d_simd_krsc,16,32,1,16,1,4,0,1,43
conv2d_simd_krsc,16,32,1,16,16,1,0,1,336
conv2d_simd_krsc,16,32,1,16,16,2,0,1,118
conv2d_simd_krsc,16,32,1,16,16,4,0,1,56
conv2d_simd_krsc,16,32,1,16,64,1,0,1,1164
conv2d_simd_krsc,16,32,1,16,64,2,0,1,319
conv2d_simd_krsc,16,32,1,16,64,4,0,1,108
conv2d_simd_krsc,16,32,1,64,1,1,0,1,92
conv2d_simd_krsc,16,32,1,64,1,2,0,1,70
conv2d_simd_krsc,16,32,1,64,1,4,0,1,49
conv2d_simd_krsc,16,32,1,64,16,1,0,1,541
conv2d_simd_krsc,16,32,1,64,16,2,0,1,174
conv2d_simd_krsc,16,32,1,64,16,4,0,1,96
conv2d_simd_krsc,16,32,1,64,64,1,0,1,1857
conv2d_simd_krsc,16,32,1,64,64,2,0,1,483
conv2d_simd_krsc,16,32,1,64,64,4,0,1,167
conv2d_simd_krsc,16,32,3,1,1,1,0,1,175
conv2d_simd_krsc,16,32,3,1,1,1,1,1,208
conv2d_simd_krsc,16,32,3,1,1,1,2,1,227
conv2d_simd_krsc,16,32,3,1,1,2,0,1,69
conv2d_simd_krsc,16,32,3,1,1,2,1,1,73
conv2d_simd_krsc,16,32,3,1,1,2,2,1,84
conv2d_simd_krsc,16,32,3,1,1,4,0,1,37
conv2d_simd_krsc,16,32,3,1,1,4,1,1,41
conv2d_simd_krsc,16,32,3,1,1,4,2,1,43
conv2d_simd_krsc,16,32,3,1,16,1,0,1,2375
conv2d_simd_krsc,16,32,3,1,16,1,1,1,2590
conv2d_simd_krsc,16,32,3,1,16,1,2,1,2851
conv2d_simd_krsc,16,32,3,1,16,2,0,1,623
conv2d_simd_krsc,16,32,3,1,16,2,1,1,705
conv2d_simd_krsc,16,32,3,1,16,2,2,1,749
conv2d_simd_krsc,16,32,3,1,16,4,0,1,192
conv2d_simd_krsc,16,32,3,1,16,4,1,1,196
conv2d_simd_krsc,16,32,3,1,16,4,2,1,229
conv2d_simd_krsc,16,32,3,1,64,1,0,1,8877
conv2d_simd_krsc,16,32,3,1,64,1,1,1,10005
conv2d_simd_krsc,16,32,3,1,64,1,2,1,10714
conv2d_simd_krsc,16,32,3,1,64,2,0,1,2298
conv2d_simd_krsc,16,32,3,1,64,2,1,1,2585
conv2d_simd_krsc,16,32,3,1,64,2,2,1,2746
conv2d_simd_krsc,16,32,3,1,64,4,0,1,697
conv2d_simd_krsc,16,32,3,1,64,4,1,1,656
conv2d_simd_krsc,16,32,3,1,64,4,2,1,734
conv2d_simd_krsc,16,32,3,16,1,1,0,1,145
conv2d_simd_krsc,16,32,3,16,1,1,1,1,164
conv2d_simd_krsc,16,32,3,16,1,1,2,1,669
conv2d_simd_krsc,16,32,3,16,1,2,0,1,193
conv2d_simd_krsc,16,32,3,16,1,2,1,1,216
conv2d_simd_krsc,16,32,3,16,1,2,2,1,86
conv2d_simd_krsc,16,32,3,16,1,4,0,1,54
conv2d_simd_krsc,16,32,3,16,1,4,1,1,60
conv2d_simd_krsc,16,32,3,16,1,4,2,1,139
conv2d_simd_krsc,16,32,3,16,16,1,0,1,1511
conv2d_simd_krsc,16,32,3,16,16,1,1,1,1645
conv2d_simd_krsc,16,32,3,16,16,1,2,1,1771
conv2d_simd_krsc,16,32,3,16,16,2,0,1,418
conv2d_simd_krsc,16,32,3,16,16,2,1,1,479
conv2d_simd_krsc,16,32,3,16,16,2,2,1,483
conv2d_simd_krsc,16,32,3,16,16,4,0,1,145
conv2d_simd_krsc,16,32,3,16,16,4,1,1,176
conv2d_simd_krsc,16,32,3,16,16,4,2,1,171
conv2d_simd_krsc,16,32,3,16,64,1,0,1,5612
conv2d_simd_krsc,16,32,3,16,64,1,1,1,6218
conv2d_simd_krsc,16,32,3,16,64,1,2,1,6927
conv2d_simd_krsc,16,32,3,16,64,2,0,1,1462
conv2d_simd_krsc,16,32,3,16,64,2,1,1,1609
conv2d_simd_krsc,16,32,3,16,64,2,2,1,1711
conv2d_simd_krsc,16,32,3,16,64,4,0,1,450
conv2d_simd_krsc,16,32,3,16,64,4,1,1,443
conv2d_simd_krsc,16,32,3,16,64,4,2,1,528
conv2d_simd_krsc,16,32,3,64,1,1,0,1,320
conv2d_simd_krsc,16,32,3,64,1,1,1,1,371
conv2d_simd_krsc,16,32,3,64,1,1,2,1,343
conv2d_simd_krsc,16,32,3,64,1,2,0,1,123
conv2d_simd_krsc,16,32,3,64,1,2,1,1,130
conv2d_simd_krsc,16,32,3,64,1,2,2,1,135
conv2d_simd_krsc,16,32,3,64,1,4,0,1,79
conv2d_simd_krsc,16,32,3,64,1,4,1,1,66
conv2d_simd_krsc,16,32,3,64,1,4,2,1,72
conv2d_simd_krsc,16,32,3,64,16,1,0,1,4280
conv2d_simd_krsc,16,32,3,64,16,1,1,1,4645
conv2d_simd_krsc,16,32,3,64,16,1,2,1,4801
conv2d_simd_krsc,16,32,3,64,16,2,0,1,1131
conv2d_simd_krsc,16,32,3,64,16,2,1,1,1226
conv2d_simd_krsc,16,32,3,64,16,2,2,1,1251
conv2d_simd_krsc,16,32,3,64,16,4,0,1,357
conv2d_simd_krsc,16,32,3,64,16,4,1,1,345
conv2d_simd_krsc,16,32,3,64,16,4,2,1,353
conv2d_simd_krsc,16,32,3,64,64,1,0,1,16517
conv2d_simd_krsc,16,32,3,64,64,1,1,1,18244
conv2d_simd_krsc,16,32,3,64,64,1,2,1,18468
conv2d_simd_krsc,16,32,3,64,64,2,0,1,4315
conv2d_simd_krsc,16,32,3,64,64,2,1,1,4613
conv2d_simd_krsc,16,32,3,64,64,2,2,1,4915
conv2d_simd_krsc,16,32,3,64,64,4,0,1,1293
conv2d_simd_krsc,16,32,3,64,64,4,1,1,1200
conv2d_simd_krsc,16,32,3,64,64,4,2,1,1289
conv2d_simd_krsc,16,32,5,1,1,1,0,1,351
conv2d_simd_krsc,16,32,5,1,1,1,1,1,401
conv2d_simd_krsc,16,32,5,1,1,1,2,1,437
conv2d_simd_krsc,16,32,5,1,1,2,0,1,134
conv2d_simd_krsc,16,32,5,1,1,2,1,1,119
conv2d_simd_krsc,16,32,5,1,1,2,2,1,131
conv2d_simd_krsc,16,32,5,1,1,4,0,1,55
conv2d_simd_krsc,16,32,5,1,1,4,1,1,58
conv2d_simd_krsc,16,32,5,1,1,4,2,1,56
conv2d_simd_krsc,16,32,5,1,16,1,0,1,5165
conv2d_simd_krsc,16,32,5,1,16,1,1,1,5805
conv2d_simd_krsc,16,32,5,1,16,1,2,1,6325
conv2d_simd_krsc,16,32,5,1,16,2,0,1,1339
conv2d_simd_krsc,16,32,5,1,16,2,1,1,1509
conv2d_simd_krsc,16,32,5,1,16,2,2,1,1653
conv2d_simd_krsc,16,32,5,1,16,4,0,1,356
conv2d_simd_krsc,16,32,5,1,16,4,1,1,470
conv2d_simd_krsc,16,32,5,1,16,4,2,1,436
conv2d_simd_krsc,16,32,5,1,64,1,0,1,19971
conv2d_simd_krsc,16,32,5,1,64,1,1,1,22788
conv2d_simd_krsc,16,32,5,1,64,1,2,1,25903
conv2d_simd_krsc,16,32,5,1,64,2,0,1,5247
conv2d_simd_krsc,16,32,5,1,64,2,1,1,5882
conv2d_simd_krsc,16,32,5,1,64,2,2,1,6402
conv2d_simd_krsc,16,32,5,1,64,4,0,1,1375
conv2d_simd_krsc,16,32,5,1,64,4,1,1,1686
conv2d_simd_krsc,16,32,5,1,64,4,2,1,1650
conv2d_simd_krsc,16,32,5,16,1,1,0,1,264
conv2d_simd_krsc,16,32,5,16,1,1,1,1,317
conv2d_simd_krsc,16,32,5,16,1,1,2,1,320
conv2d_simd_krsc,16,32,5,16,1,2,0,1,112
conv2d_simd_krsc,16,32,5,16,1,2,1,1,108
conv2d_simd_krsc,16,32,5,16,1,2,2,1,116
conv2d_simd_krsc,16,32,5,16,1,4,0,1,50
conv2d_simd_krsc,16,32,5,16,1,4,1,1,72
conv2d_simd_krsc,16,32,5,16,1,4,2,1,63
conv2d_simd_krsc,16,32,5,16,16,1,0,1,3484
conv2d_simd_krsc,16,32,5,16,16,1,1,1,3899
conv2d_simd_krsc,16,32,5,16,16,1,2,1,4286
conv2d_simd_krsc,16,32,5,16,16,2,0,1,960
conv2d_simd_krsc,16,32,5,16,16,2,1,1,1003
conv2d_simd_krsc,16,32,5,16,16,2,2,1,1144
conv2d_simd_krsc,16,32,5,16,16,4,0,1,260
conv2d_simd_krsc,16,32,5,16,16,4,1,1,315
conv2d_simd_krsc,16,32,5,16,16,4,2,1,304
conv2d_simd_krsc,16,32,5,16,64,1,0,1,13610
conv2d_simd_krsc,16,32,5,16,64,1,1,1,15219
conv2d_simd_krsc,16,32,5,16,64,1,2,1,17136
conv2d_simd_krsc,16,32,5,16,64,2,0,1,3506
conv2d_simd_krsc,16,32,5,16,64,2,1,1,3924
conv2d_simd_krsc,16,32,5,16,64,2,2,1,4322
conv2d_simd_krsc,16,32,5,16,64,4,0,1,931
conv2d_simd_krsc,16,32,5,16,64,4,1,1,1177
conv2d_simd_krsc,16,32,5,16,64,4,2,1,1095
conv2d_simd_krsc,16,32,5,64,1,1,0,1,928
conv2d_simd_krsc,16,32,5,64,1,1,1,1,1008
conv2d_simd_krsc,16,32,5,64,1,1,2,1,1084
conv2d_simd_krsc,16,32,5,64,1,2,0,1,273
conv2d_simd_krsc,16,32,5,64,1,2,1,1,313
conv2d_simd_krsc,16,32,5,64,1,2,2,1,332
conv2d_simd_krsc,16,32,5,64,1,4,0,1,103
conv2d_simd_krsc,16,32,5,64,1,4,1,1,119
conv2d_simd_krsc,16,32,5,64,1,4,2,1,112
conv2d_simd_krsc,16,32,5,64,16,1,0,1,12405
conv2d_simd_krsc,16,32,5,64,16,1,1,1,13767
conv2d_simd_krsc,16,32,5,64,16,1,2,1,14524
conv2d_simd_krsc,16,32,5,64,16,2,0,1,3232
conv2d_simd_krsc,16,32,5,64,16,2,1,1,3651
conv2d_simd_krsc,16,32,5,64,16,2,2,1,3911
conv2d_simd_krsc,16,32,5,64,16,4,0,1,937
conv2d_simd_krsc,16,32,5,64,16,4,1,1,1084
conv2d_simd_krsc,16,32,5,64,16,4,2,1,1063
conv2d_simd_krsc,16,32,5,64,64,1,0,1,44667
conv2d_simd_krsc,16,32,5,64,64,1,1,1,49763
conv2d_simd_krsc,16,32,5,64,64,1,2,1,54931
conv2d_simd_krsc,16,32,5,64,64,2,0,1,12439
conv2d_simd_krsc,16,32,5,64,64,2,1,1,13759
conv2d_simd_krsc,16,32,5,64,64,2,2,1,15119
conv2d_simd_krsc,16,32,5,64,64,4,0,1,3238
conv2d_simd_krsc,16,32,5,64,64,4,1,1,3945
conv2d_simd_krsc,16,32,5,64,64,4,2,1,3706
conv2d_simd_krsc,16,64,1,1,1,1,0,1,113
conv2d_simd_krsc,16,64,1,1,1,2,0,1,54
conv2d_simd_krsc,16,64,1,1,1,4,0,1,32
conv2d_simd_krsc,16,64,1,1,16,1,0,1,1537
conv2d_simd_krsc,16,64,1,1,16,2,0,1,386
conv2d_simd_krsc,16,64,1,1,16,4,0,1,130
conv2d_simd_krsc,16,64,1,1,64,1,0,1,5644
conv2d_simd_krsc,16,64,1,1,64,2,0,1,1477
conv2d_simd_krsc,16,64,1,1,64,4,0,1,376
conv2d_simd_krsc,16,64,1,16,1,1,0,1,102
conv2d_simd_krsc,16,64,1,16,1,2,0,1,70
conv2d_simd_krsc,16,64,1,16,1,4,0,1,45
conv2d_simd_krsc,16,64,1,16,16,1,0,1,1229
conv2d_simd_krsc,16,64,1,16,16,2,0,1,321
conv2d_simd_krsc,16,64,1,16,16,4,0,1,111
conv2d_simd_krsc,16,64,1,16,64,1,0,1,4282
conv2d_simd_krsc,16,64,1,16,64,2,0,1,1150
conv2d_simd_krsc,16,64,1,16,64,4,0,1,324
conv2d_simd_krsc,16,64,1,64,1,1,0,1,263
conv2d_simd_krsc,16,64,1,64,1,2,0,1,179
conv2d_simd_krsc,16,64,1,64,1,4,0,1,113
conv2d_simd_krsc,16,64,1,64,16,1,0,1,1928
conv2d_simd_krsc,16,64,1,64,16,2,0,1,533
conv2d_simd_krsc,16,64,1,64,16,4,0,1,258
conv2d_simd_krsc,16,64,1,64,64,1,0,1,7022
conv2d_simd_krsc,16,64,1,64,64,2,0,1,1864
conv2d_simd_krsc,16,64,1,64,64,4,0,1,529
conv2d_simd_krsc,16,64,3,1,1,1,0,1,653
conv2d_simd_krsc,16,64,3,1,1,1,1,1,689
conv2d_simd_krsc,16,64,3,1,1,1,2,1,715
conv2d_simd_krsc,16,64,3,1,1,2,0,1,170
conv2d_simd_krsc,16,64,3,1,1,2,1,1,232
conv2d_simd_krsc,16,64,3,1,1,2,2,1,200
conv2d_simd_krsc,16,64,3,1,1,4,0,1,71
conv2d_simd_krsc,16,64,3,1,1,4,1,1,80
conv2d_simd_krsc,16,64,3,1,1,4,2,1,81
conv2d_simd_krsc,16,64,3,1,16,1,0,1,9528
conv2d_simd_krsc,16,64,3,1,16,1,1,1,10242
conv2d_simd_krsc,16,64,3,1,16,1,2,1,10577
conv2d_simd_krsc,16,64,3,1,16,2,0,1,2477
conv2d_simd_krsc,16,64,3,1,16,2,1,1,2650
conv2d_simd_krsc,16,64,3,1,16,2,2,1,2723
conv2d_simd_krsc,16,64,3,1,16,4,0,1,696
conv2d_simd_krsc,16,64,3,1,16,4,1,1,709
conv2d_simd_krsc,16,64,3,1,16,4,2,1,749
conv2d_simd_krsc,16,64,3,1,64,1,0,1,36243
conv2d_simd_krsc,16,64,3,1,64,1,1,1,39285
conv2d_simd_krsc,16,64,3,1,64,1,2,1,39599
conv2d_simd_krsc,16,64,3,1,64,2,0,1,9555
conv2d_simd_krsc,16,64,3,1,64,2,1,1,10006
conv2d_simd_krsc,16,64,3,1,64,2,2,1,10278
conv2d_simd_krsc,16,64,3,1,64,4,0,1,2625
conv2d_simd_krsc,16,64,3,1,64,4,1,1,2550
conv2d_simd_krsc,16,64,3,1,64,4,2,1,2718
conv2d_simd_krsc,16,64,3,16,1,1,0,1,449
conv2d_simd_krsc,16,64,3,16,1,1,1,1,440
conv2d_simd_krsc,16,64,3,16,1,1,2,1,487
conv2d_simd_krsc,16,64,3,16,1,2,0,1,170
conv2d_simd_krsc,16,64,3,16,1,2,1,1,145
conv2d_simd_krsc,16,64,3,16,1,2,2,1,185
conv2d_simd_krsc,16,64,3,16,1,4,0,1,94
conv2d_simd_krsc,16,64,3,16,1,4,1,1,83
conv2d_simd_krsc,16,64,3,16,1,4,2,1,80
conv2d_simd_krsc,16,64,3,16,16,1,0,1,5992
conv2d_simd_krsc,16,64,3,16,16,1,1,1,6404
conv2d_simd_krsc,16,64,3,16,16,1,2,1,6557
conv2d_simd_krsc,16,64,3,16,16,2,0,1,1580
conv2d_simd_krsc,16,64,3,16,16,2,1,1,1616
conv2d_simd_krsc,16,64,3,16,16,2,2,1,1749
conv2d_simd_krsc,16,64,3,16,16,4,0,1,440
conv2d_simd_krsc,16,64,3,16,16,4,1,1,445
conv2d_simd_krsc,16,64,3,16,16,4,2,1,474
conv2d_simd_krsc,16,64,3,16,64,1,0,1,22695
conv2d_simd_krsc,16,64,3,16,64,1,1,1,24222
conv2d_simd_krsc,16,64,3,16,64,1,2,1,25223
conv2d_simd_krsc,16,64,3,16,64,2,0,1,5970
conv2d_simd_krsc,16,64,3,16,64,2,1,1,6156
conv2d_simd_krsc,16,64,3,16,64,2,2,1,6486
conv2d_simd_krsc,16,64,3,16,64,4,0,1,1685
conv2d_simd_krsc,16,64,3,16,64,4,1,1,1626
conv2d_simd_krsc,16,64,3,16,64,4,2,1,1777
conv2d_simd_krsc,16,64,3,64,1,1,0,1,1216
conv2d_simd_krsc,16,64,3,64,1,1,1,1,1255
conv2d_simd_krsc,16,64,3,64,1,1,2,1,1300
conv2d_simd_krsc,16,64,3,64,1,2,0,1,384
conv2d_simd_krsc,16,64,3,64,1,2,1,1,365
conv2d_simd_krsc,16,64,3,64,1,2,2,1,387
conv2d_simd_krsc,16,64,3,64,1,4,0,1,170
conv2d_simd_krsc,16,64,3,64,1,4,1,1,168
conv2d_simd_krsc,16,64,3,64,1,4,2,1,190
conv2d_simd_krsc,16,64,3,64,16,1,0,1,17538
conv2d_simd_krsc,16,64,3,64,16,1,1,1,18256
conv2d_simd_krsc,16,64,3,64,16,1,2,1,18884
conv2d_simd_krsc,16,64,3,64,16,2,0,1,4482
conv2d_simd_krsc,16,64,3,64,16,2,1,1,4712
conv2d_simd_krsc,16,64,3,64,16,2,2,1,4803
conv2d_simd_krsc,16,64,3,64,16,4,0,1,1288
conv2d_simd_krsc,16,64,3,64,16,4,1,1,1252
conv2d_simd_krsc,16,64,3,64,16,4,2,1,1302
conv2d_simd_krsc,16,64,3,64,64,1,0,1,63200
conv2d_simd_krsc,16,64,3,64,64,1,1,1,66128
conv2d_simd_krsc,16,64,3,64,64,1,2,1,69743
conv2d_simd_krsc,16,64,3,64,64,2,0,1,17568
conv2d_simd_krsc,16,64,3,64,64,2,1,1,18685
conv2d_simd_krsc,16,64,3,64,64,2,2,1,18936
conv2d_simd_krsc,16,64,3,64,64,4,0,1,4835
conv2d_simd_krsc,16,64,3,64,64,4,1,1,4592
conv2d_simd_krsc,16,64,3,64,64,4,2,1,4842
conv2d_simd_krsc,16,64,5,1,1,1,0,1,1537
conv2d_simd_krsc,16,64,5,1,1,1,1,1,1630
conv2d_simd_krsc,16,64,5,1,1,1,2,1,1665
conv2d_simd_krsc,16,64,5,1,1,2,0,1,419
conv2d_simd_krsc,16,64,5,1,1,2,1,1,423
conv2d_simd_krsc,16,64,5,1,1,2,2,1,478
conv2d_simd_krsc,16,64,5,1,1,4,0,1,105
conv2d_simd_krsc,16,64,5,1,1,4,1,1,128
conv2d_simd_krsc,16,64,5,1,1,4,2,1,157
conv2d_simd_krsc,16,64,5,1,16,1,0,1,22408
conv2d_simd_krsc,16,64,5,1,16,1,1,1,24137
conv2d_simd_krsc,16,64,5,1,16,1,2,1,24870
conv2d_simd_krsc,16,64,5,1,16,2,0,1,5942
conv2d_simd_krsc,16,64,5,1,16,2,1,1,6266
conv2d_simd_krsc,16,64,5,1,16,2,2,1,6582
conv2d_simd_krsc,16,64,5,1,16,4,0,1,1528
conv2d_simd_krsc,16,64,5,1,16,4,1,1,1709
conv2d_simd_krsc,16,64,5,1,16,4,2,1,1693
conv2d_simd_krsc,16,64,5,1,64,1,0,1,85889
conv2d_simd_krsc,16,64,5,1,64,1,1,1,90231
conv2d_simd_krsc,16,64,5,1,64,1,2,1,94443
conv2d_simd_krsc,16,64,5,1,64,2,0,1,22919
conv2d_simd_krsc,16,64,5,1,64,2,1,1,24357
conv2d_simd_krsc,16,64,5,1,64,2,2,1,25331
conv2d_simd_krsc,16,64,5,1,64,4,0,1,5921
conv2d_simd_krsc,16,64,5,1,64,4,1,1,6698
conv2d_simd_krsc,16,64,5,1,64,4,2,1,6530
conv2d_simd_krsc,16,64,5,16,1,1,0,1,1055
conv2d_simd_krsc,16,64,5,16,1,1,1,1,1114
conv2d_simd_krsc,16,64,5,16,1,1,2,1,1170
conv2d_simd_krsc,16,64,5,16,1,2,0,1,333
conv2d_simd_krsc,16,64,5,16,1,2,1,1,319
conv2d_simd_krsc,16,64,5,16,1,2,2,1,331
conv2d_simd_krsc,16,64,5,16,1,4,0,1,122
conv2d_simd_krsc,16,64,5,16,1,4,1,1,136
conv2d_simd_krsc,16,64,5,16,1,4,2,1,135
conv2d_simd_krsc,16,64,5,16,16,1,0,1,15491
conv2d_simd_krsc,16,64,5,16,16,1,1,1,16410
conv2d_simd_krsc,16,64,5,16,16,1,2,1,17136
conv2d_simd_krsc,16,64,5,16,16,2,0,1,4011
conv2d_simd_krsc,16,64,5,16,16,2,1,1,4235
conv2d_simd_krsc,16,64,5,16,16,2,2,1,4407
conv2d_simd_krsc,16,64,5,16,16,4,0,1,1058
conv2d_simd_krsc,16,64,5,16,16,4,1,1,1166
conv2d_simd_krsc,16,64,5,16,16,4,2,1,1176
conv2d_simd_krsc,16,64,5,16,64,1,0,1,57620
conv2d_simd_krsc,16,64,5,16,64,1,1,1,60713
conv2d_simd_krsc,16,64,5,16,64,1,2,1,64635
conv2d_simd_krsc,16,64,5,16,64,2,0,1,15576
conv2d_simd_krsc,16,64,5,16,64,2,1,1,16378
conv2d_simd_krsc,16,64,5,16,64,2,2,1,17230
conv2d_simd_krsc,16,64,5,16,64,4,0,1,3977
conv2d_simd_krsc,16,64,5,16,64,4,1,1,4450
conv2d_simd_krsc,16,64,5,16,64,4,2,1,4368
conv2d_simd_krsc,16,64,5,64,1,1,0,1,3644
conv2d_simd_krsc,16,64,5,64,1,1,1,1,3868
conv2d_simd_krsc,16,64,5,64,1,1,2,1,3987
conv2d_simd_krsc,16,64,5,64,1,2,0,1,1033
conv2d_simd_krsc,16,64,5,64,1,2,1,1,1099
conv2d_simd_krsc,16,64,5,64,1,2,2,1,1130
conv2d_simd_krsc,16,64,5,64,1,4,0,1,343
conv2d_simd_krsc,16,64,5,64,1,4,1,1,391
conv2d_simd_krsc,16,64,5,64,1,4,2,1,369
conv2d_simd_krsc,16,64,5,64,16,1,0,1,50834
conv2d_simd_krsc,16,64,5,64,16,1,1,1,53951
conv2d_simd_krsc,16,64,5,64,16,1,2,1,55235
conv2d_simd_krsc,16,64,5,64,16,2,0,1,13955
conv2d_simd_krsc,16,64,5,64,16,2,1,1,14835
conv2d_simd_krsc,16,64,5,64,16,2,2,1,15447
conv2d_simd_krsc,16,64,5,64,16,4,0,1,3698
conv2d_simd_krsc,16,64,5,64,16,4,1,1,4060
conv2d_simd_krsc,16,64,5,64,16,4,2,1,4002
conv2d_simd_krsc,16,64,5,64,64,1,0,1,196598
conv2d_simd_krsc,16,64,5,64,64,1,1,1,204945
conv2d_simd_krsc,16,64,5,64,64,1,2,1,214106
conv2d_simd_krsc,16,64,5,64,64,2,0,1,50763
conv2d_simd_krsc,16,64,5,64,64,2,1,1,53907
conv2d_simd_krsc,16,64,5,64,64,2,2,1,55108
conv2d_simd_krsc,16,64,5,64,64,4,0,1,14185
conv2d_simd_krsc,16,64,5,64,64,4,1,1,15683
conv2d_simd_krsc,16,64,5,64,64,4,2,1,14992
conv2d_simd_krsc,16,128,1,1,1,1,0,1,398
conv2d_simd_krsc,16,128,1,1,1,2,0,1,133
conv2d_simd_krsc,16,128,1,1,1,4,0,1,65
conv2d_simd_krsc,16,128,1,1,16,1,0,1,5778
conv2d_simd_krsc,16,128,1,1,16,2,0,1,1553
conv2d_simd_krsc,16,128,1,1,16,4,0,1,403
conv2d_simd_krsc,16,128,1,1,64,1,0,1,21674
conv2d_simd_krsc,16,128,1,1,64,2,0,1,5740
conv2d_simd_krsc,16,128,1,1,64,4,0,1,1467
conv2d_simd_krsc,16,128,1,16,1,1,0,1,332
conv2d_simd_krsc,16,128,1,16,1,2,0,1,201
conv2d_simd_krsc,16,128,1,16,1,4,0,1,129
conv2d_simd_krsc,16,128,1,16,16,1,0,1,4393
conv2d_simd_krsc,16,128,1,16,16,2,0,1,1182
conv2d_simd_krsc,16,128,1,16,16,4,0,1,361
conv2d_simd_krsc,16,128,1,16,64,1,0,1,16675
conv2d_simd_krsc,16,128,1,16,64,2,0,1,4235
conv2d_simd_krsc,16,128,1,16,64,4,0,1,1163
conv2d_simd_krsc,16,128,1,64,1,1,0,1,811
conv2d_simd_krsc,16,128,1,64,1,2,0,1,465
conv2d_simd_krsc,16,128,1,64,1,4,0,1,252
conv2d_simd_krsc,16,128,1,64,16,1,0,1,7379
conv2d_simd_krsc,16,128,1,64,16,2,0,1,1956
conv2d_simd_krsc,16,128,1,64,16,4,0,1,598
conv2d_simd_krsc,16,128,1,64,64,1,0,1,27493
conv2d_simd_krsc,16,128,1,64,64,2,0,1,6911
conv2d_simd_krsc,16,128,1,64,64,4,0,1,1860
conv2d_simd_krsc,16,128,3,1,1,1,0,1,2529
conv2d_simd_krsc,16,128,3,1,1,1,1,1,2620
conv2d_simd_krsc,16,128,3,1,1,1,2,1,2662
conv2d_simd_krsc,16,128,3,1,1,2,0,1,718
conv2d_simd_krsc,16,128,3,1,1,2,1,1,719
conv2d_simd_krsc,16,128,3,1,1,2,2,1,695
conv2d_simd_krsc,16,128,3,1,1,4,0,1,201
conv2d_simd_krsc,16,128,3,1,1,4,1,1,213
conv2d_simd_krsc,16,128,3,1,1,4,2,1,215
conv2d_simd_krsc,16,128,3,1,16,1,0,1,36998
conv2d_simd_krsc,16,128,3,1,16,1,1,1,38252
conv2d_simd_krsc,16,128,3,1,16,1,2,1,39218
conv2d_simd_krsc,16,128,3,1,16,2,0,1,9907
conv2d_simd_krsc,16,128,3,1,16,2,1,1,10184
conv2d_simd_krsc,16,128,3,1,16,2,2,1,10243
conv2d_simd_krsc,16,128,3,1,16,4,0,1,2611
conv2d_simd_krsc,16,128,3,1,16,4,1,1,2602
conv2d_simd_krsc,16,128,3,1,16,4,2,1,2685
conv2d_simd_krsc,16,128,3,1,64,1,0,1,136076
conv2d_simd_krsc,16,128,3,1,64,1,1,1,140683
conv2d_simd_krsc,16,128,3,1,64,1,2,1,144830
conv2d_simd_krsc,16,128,3,1,64,2,0,1,36706
conv2d_simd_krsc,16,128,3,1,64,2,1,1,38297
conv2d_simd_krsc,16,128,3,1,64,2,2,1,38351
conv2d_simd_krsc,16,128,3,1,64,4,0,1,10011
conv2d_simd_krsc,16,128,3,1,64,4,1,1,9853
conv2d_simd_krsc,16,128,3,1,64,4,2,1,10185
conv2d_simd_krsc,16,128,3,16,1,1,0,1,1617
conv2d_simd_krsc,16,128,3,16,1,1,1,1,1686
conv2d_simd_krsc,16,128,3,16,1,1,2,1,1705
conv2d_simd_krsc,16,128,3,16,1,2,0,1,496
conv2d_simd_krsc,16,128,3,16,1,2,1,1,509
conv2d_simd_krsc,16,128,3,16,1,2,2,1,521
conv2d_simd_krsc,16,128,3,16,1,4,0,1,239
conv2d_simd_krsc,16,128,3,16,1,4,1,1,231
conv2d_simd_krsc,16,128,3,16,1,4,2,1,227
conv2d_simd_krsc,16,128,3,16,16,1,0,1,23198
conv2d_simd_krsc,16,128,3,16,16,1,1,1,24306
conv2d_simd_krsc,16,128,3,16,16,1,2,1,25183
conv2d_simd_krsc,16,128,3,16,16,2,0,1,6201
conv2d_simd_krsc,16,128,3,16,16,2,1,1,6266
conv2d_simd_krsc,16,128,3,16,16,2,2,1,6403
conv2d_simd_krsc,16,128,3,16,16,4,0,1,1651
conv2d_simd_krsc,16,128,3,16,16,4,1,1,1618
conv2d_simd_krsc,16,128,3,16,16,4,2,1,1769
conv2d_simd_krsc,16,128,3,16,64,1,0,1,87430
conv2d_simd_krsc,16,128,3,16,64,1,1,1,87386
conv2d_simd_krsc,16,128,3,16,64,1,2,1,91982
conv2d_simd_krsc,16,128,3,16,64,2,0,1,23719
conv2d_simd_krsc,16,128,3,16,64,2,1,1,24169
conv2d_simd_krsc,16,128,3,16,64,2,2,1,24915
conv2d_simd_krsc,16,128,3,16,64,4,0,1,6330
conv2d_simd_krsc,16,128,3,16,64,4,1,1,6230
conv2d_simd_krsc,16,128,3,16,64,4,2,1,6496
conv2d_simd_krsc,16,128,3,64,1,1,0,1,4685
conv2d_simd_krsc,16,128,3,64,1,1,1,1,4710
conv2d_simd_krsc,16,128,3,64,1,1,2,1,4829
conv2d_simd_krsc,16,128,3,64,1,2,0,1,1345
conv2d_simd_krsc,16,128,3,64,1,2,1,1,1351
conv2d_simd_krsc,16,128,3,64,1,2,2,1,1379
conv2d_simd_krsc,16,128,3,64,1,4,0,1,616
conv2d_simd_krsc,16,128,3,64,1,4,1,1,625
conv2d_simd_krsc,16,128,3,64,1,4,2,1,638
conv2d_simd_krsc,16,128,3,64,16,1,0,1,66614
conv2d_simd_krsc,16,128,3,64,16,1,1,1,66919
conv2d_simd_krsc,16,128,3,64,16,1,2,1,69690
conv2d_simd_krsc,16,128,3,64,16,2,0,1,18219
conv2d_simd_krsc,16,128,3,64,16,2,1,1,18730
conv2d_simd_krsc,16,128,3,64,16,2,2,1,18669
conv2d_simd_krsc,16,128,3,64,16,4,0,1,4886
conv2d_simd_krsc,16,128,3,64,16,4,1,1,4748
conv2d_simd_krsc,16,128,3,64,16,4,2,1,4864
conv2d_simd_krsc,16,128,3,64,64,1,0,1,260330
conv2d_simd_krsc,16,128,3,64,64,1,1,1,261185
conv2d_simd_krsc,16,128,3,64,64,1,2,1,264446
conv2d_simd_krsc,16,128,3,64,64,2,0,1,65700
conv2d_simd_krsc,16,128,3,64,64,2,1,1,67435
conv2d_simd_krsc,16,128,3,64,64,2,2,1,68260
conv2d_simd_krsc,16,128,3,64,64,4,0,1,18739
conv2d_simd_krsc,16,128,3,64,64,4,1,1,18307
conv2d_simd_krsc,16,128,3,64,64,4,2,1,18418
conv2d_simd_krsc,16,128,5,1,1,1,0,1,6293
conv2d_simd_krsc,16,128,5,1,1,1,1,1,6659
conv2d_simd_krsc,16,128,5,1,1,1,2,1,6602
conv2d_simd_krsc,16,128,5,1,1,2,0,1,1667
conv2d_simd_krsc,16,128,5,1,1,2,1,1,1709
conv2d_simd_krsc,16,128,5,1,1,2,2,1,1732
conv2d_simd_krsc,16,128,5,1,1,4,0,1,434
conv2d_simd_krsc,16,128,5,1,1,4,1,1,903
conv2d_simd_krsc,16,128,5,1,1,4,2,1,1159
conv2d_simd_krsc,16,128,5,1,16,1,0,1,88206
conv2d_simd_krsc,16,128,5,1,16,1,1,1,91199
conv2d_simd_krsc,16,128,5,1,16,1,2,1,92803
conv2d_simd_krsc,16,128,5,1,16,2,0,1,24208
conv2d_simd_krsc,16,128,5,1,16,2,1,1,24226
conv2d_simd_krsc,16,128,5,1,16,2,2,1,24779
conv2d_simd_krsc,16,128,5,1,16,4,0,1,6282
conv2d_simd_krsc,16,128,5,1,16,4,1,1,6686
conv2d_simd_krsc,16,128,5,1,16,4,2,1,6644
conv2d_simd_krsc,16,128,5,1,64,1,0,1,343549
conv2d_simd_krsc,16,128,5,1,64,1,1,1,351472
conv2d_simd_krsc,16,128,5,1,64,1,2,1,362561
conv2d_simd_krsc,16,128,5,1,64,2,0,1,87299
conv2d_simd_krsc,16,128,5,1,64,2,1,1,89849
conv2d_simd_krsc,16,128,5,1,64,2,2,1,93461
conv2d_simd_krsc,16,128,5,1,64,4,0,1,24123
conv2d_simd_krsc,16,128,5,1,64,4,1,1,24737
conv2d_simd_krsc,16,128,5,1,64,4,2,1,24532
conv2d_simd_krsc,16,128,5,16,1,1,0,1,4231
conv2d_simd_krsc,16,128,5,16,1,1,1,1,4344
conv2d_simd_krsc,16,128,5,16,1,1,2,1,4392
conv2d_simd_krsc,16,128,5,16,1,2,0,1,1138
conv2d_simd_krsc,16,128,5,16,1,2,1,1,1201
conv2d_simd_krsc,16,128,5,16,1,2,2,1,1195
conv2d_simd_krsc,16,128,5,16,1,4,0,1,378
conv2d_simd_krsc,16,128,5,16,1,4,1,1,392
conv2d_simd_krsc,16,128,5,16,1,4,2,1,385
conv2d_simd_krsc,16,128,5,16,16,1,0,1,59504
conv2d_simd_krsc,16,128,5,16,16,1,1,1,62096
conv2d_simd_krsc,16,128,5,16,16,1,2,1,64341
conv2d_simd_krsc,16,128,5,16,16,2,0,1,16524
conv2d_simd_krsc,16,128,5,16,16,2,1,1,16931
conv2d_simd_krsc,16,128,5,16,16,2,2,1,17282
conv2d_simd_krsc,16,128,5,16,16,4,0,1,4207
conv2d_simd_krsc,16,128,5,16,16,4,1,1,4355
conv2d_simd_krsc,16,128,5,16,16,4,2,1,4477
conv2d_simd_krsc,16,128,5,16,64,1,0,1,230244
conv2d_simd_krsc,16,128,5,16,64,1,1,1,239419
conv2d_simd_krsc,16,128,5,16,64,1,2,1,246538
conv2d_simd_krsc,16,128,5,16,64,2,0,1,60908
conv2d_simd_krsc,16,128,5,16,64,2,1,1,62011
conv2d_simd_krsc,16,128,5,16,64,2,2,1,63546
conv2d_simd_krsc,16,128,5,16,64,4,0,1,16794
conv2d_simd_krsc,16,128,5,16,64,4,1,1,17375
conv2d_simd_krsc,16,128,5,16,64,4,2,1,17356
conv2d_simd_krsc,16,128,5,64,1,1,0,1,15017
conv2d_simd_krsc,16,128,5,64,1,1,1,1,15296
conv2d_simd_krsc,16,128,5,64,1,1,2,1,15780
conv2d_simd_krsc,16,128,5,64,1,2,0,1,3995
conv2d_simd_krsc,16,128,5,64,1,2,1,1,4067
conv2d_simd_krsc,16,128,5,64,1,2,2,1,4139
conv2d_simd_krsc,16,128,5,64,1,4,0,1,1189
conv2d_simd_krsc,16,128,5,64,1,4,1,1,1241
conv2d_simd_krsc,16,128,5,64,1,4,2,1,1228
conv2d_simd_krsc,16,128,5,64,16,1,0,1,207780
conv2d_simd_krsc,16,128,5,64,16,1,1,1,214635
conv2d_simd_krsc,16,128,5,64,16,1,2,1,219927
conv2d_simd_krsc,16,128,5,64,16,2,0,1,53878
conv2d_simd_krsc,16,128,5,64,16,2,1,1,57178
conv2d_simd_krsc,16,128,5,64,16,2,2,1,56235
conv2d_simd_krsc,16,128,5,64,16,4,0,1,15166
conv2d_simd_krsc,16,128,5,64,16,4,1,1,15943
conv2d_simd_krsc,16,128,5,64,16,4,2,1,15604
conv2d_simd_krsc,16,128,5,64,64,1,0,1,821999
conv2d_simd_krsc,16,128,5,64,64,1,1,1,844040
conv2d_simd_krsc,16,128,5,64,64,1,2,1,862720
conv2d_simd_krsc,16,128,5,64,64,2,0,1,208186
conv2d_simd_krsc,16,128,5,64,64,2,1,1,214238
conv2d_simd_krsc,16,128,5,64,64,2,2,1,217991
conv2d_simd_krsc,16,128,5,64,64,4,0,1,54733
conv2d_simd_krsc,16,128,5,64,64,4,1,1,57662
conv2d_simd_krsc,16,128,5,64,64,4,2,1,55761
conv2d_simd_krsc,32,32,1,1,1,1,0,1,79
conv2d_simd_krsc,32,32,1,1,1,2,0,1,41
conv2d_simd_krsc,32,32,1,1,1,4,0,1,29
conv2d_simd_krsc,32,32,1,1,16,1,0,1,802
conv2d_simd_krsc,32,32,1,1,16,2,0,1,223
conv2d_simd_krsc,32,32,1,1,16,4,0,1,80
conv2d_simd_krsc,32,32,1,1,64,1,0,1,2745
conv2d_simd_krsc,32,32,1,1,64,2,0,1,787
conv2d_simd_krsc,32,32,1,1,64,4,0,1,223
conv2d_simd_krsc,32,32,1,16,1,1,0,1,74
conv2d_simd_krsc,32,32,1,16,1,2,0,1,58
conv2d_simd_krsc,32,32,1,16,1,4,0,1,46
conv2d_simd_krsc,32,32,1,16,16,1,0,1,659
conv2d_simd_krsc,32,32,1,16,16,2,0,1,207
conv2d_simd_krsc,32,32,1,16,16,4,0,1,77
conv2d_simd_krsc,32,32,1,16,64,1,0,1,2129
conv2d_simd_krsc,32,32,1,16,64,2,0,1,602
conv2d_simd_krsc,32,32,1,16,64,4,0,1,189
conv2d_simd_krsc,32,32,1,64,1,1,0,1,164
conv2d_simd_krsc,32,32,1,64,1,2,0,1,105
conv2d_simd_krsc,32,32,1,64,1,4,0,1,73
conv2d_simd_krsc,32,32,1,64,16,1,0,1,1021
conv2d_simd_krsc,32,32,1,64,16,2,0,1,293
conv2d_simd_krsc,32,32,1,64,16,4,0,1,158
conv2d_simd_krsc,32,32,1,64,64,1,0,1,3524
conv2d_simd_krsc,32,32,1,64,64,2,0,1,967
conv2d_simd_krsc,32,32,1,64,64,4,0,1,288
conv2d_simd_krsc,32,32,3,1,1,1,0,1,333
conv2d_simd_krsc,32,32,3,1,1,1,1,1,372
conv2d_simd_krsc,32,32,3,1,1,1,2,1,410
conv2d_simd_krsc,32,32,3,1,1,2,0,1,112
conv2d_simd_krsc,32,32,3,1,1,2,1,1,114
conv2d_simd_krsc,32,32,3,1,1,2,2,1,130
conv2d_simd_krsc,32,32,3,1,1,4,0,1,56
conv2d_simd_krsc,32,32,3,1,1,4,1,1,48
conv2d_simd_krsc,32,32,3,1,1,4,2,1,63
conv2d_simd_krsc,32,32,3,1,16,1,0,1,4295
conv2d_simd_krsc,32,32,3,1,16,1,1,1,4785
conv2d_simd_krsc,32,32,3,1,16,1,2,1,5031
conv2d_simd_krsc,32,32,3,1,16,2,0,1,1220
conv2d_simd_krsc,32,32,3,1,16,2,1,1,1309
conv2d_simd_krsc,32,32,3,1,16,2,2,1,1371
conv2d_simd_krsc,32,32,3,1,16,4,0,1,397
conv2d_simd_krsc,32,32,3,1,16,4,1,1,354
conv2d_simd_krsc,32,32,3,1,16,4,2,1,401
conv2d_simd_krsc,32,32,3,1,64,1,0,1,16308
conv2d_simd_krsc,32,32,3,1,64,1,1,1,18125
conv2d_simd_krsc,32,32,3,1,64,1,2,1,19095
conv2d_simd_krsc,32,32,3,1,64,2,0,1,4349
conv2d_simd_krsc,32,32,3,1,64,2,1,1,4708
conv2d_simd_krsc,32,32,3,1,64,2,2,1,5013
conv2d_simd_krsc,32,32,3,1,64,4,0,1,1349
conv2d_simd_krsc,32,32,3,1,64,4,1,1,1257
conv2d_simd_krsc,32,32,3,1,64,4,2,1,1390
conv2d_simd_krsc,32,32,3,16,1,1,0,1,239
conv2d_simd_krsc,32,32,3,16,1,1,1,1,279
conv2d_simd_krsc,32,32,3,16,1,1,2,1,278
conv2d_simd_krsc,32,32,3,16,1,2,0,1,91
conv2d_simd_krsc,32,32,3,16,1,2,1,1,111
conv2d_simd_krsc,32,32,3,16,1,2,2,1,104
conv2d_simd_krsc,32,32,3,16,1,4,0,1,55
conv2d_simd_krsc,32,32,3,16,1,4,1,1,59
conv2d_simd_krsc,32,32,3,16,1,4,2,1,54
conv2d_simd_krsc,32,32,3,16,16,1,0,1,2720
conv2d_simd_krsc,32,32,3,16,16,1,1,1,3063
conv2d_simd_krsc,32,32,3,16,16,1,2,1,3360
conv2d_simd_krsc,32,32,3,16,16,2,0,1,792
conv2d_simd_krsc,32,32,3,16,16,2,1,1,867
conv2d_simd_krsc,32,32,3,16,16,2,2,1,934
conv2d_simd_krsc,32,32,3,16,16,4,0,1,265
conv2d_simd_krsc,32,32,3,16,16,4,1,1,262
conv2d_simd_krsc,32,32,3,16,16,4,2,1,293
conv2d_simd_krsc,32,32,3,16,64,1,0,1,10330
conv2d_simd_krsc,32,32,3,16,64,1,1,1,11424
conv2d_simd_krsc,32,32,3,16,64,1,2,1,11965
conv2d_simd_krsc,32,32,3,16,64,2,0,1,2735
conv2d_simd_krsc,32,32,3,16,64,2,1,1,2984
conv2d_simd_krsc,32,32,3,16,64,2,2,1,3247
conv2d_simd_krsc,32,32,3,16,64,4,0,1,870
conv2d_simd_krsc,32,32,3,16,64,4,1,1,814
conv2d_simd_krsc,32,32,3,16,64,4,2,1,953
conv2d_simd_krsc,32,32,3,64,1,1,0,1,647
conv2d_simd_krsc,32,32,3,64,1,1,1,1,677
conv2d_simd_krsc,32,32,3,64,1,1,2,1,700
conv2d_simd_krsc,32,32,3,64,1,2,0,1,236
conv2d_simd_krsc,32,32,3,64,1,2,1,1,217
conv2d_simd_krsc,32,32,3,64,1,2,2,1,242
conv2d_simd_krsc,32,32,3,64,1,4,0,1,118
conv2d_simd_krsc,32,32,3,64,1,4,1,1,129
conv2d_simd_krsc,32,32,3,64,1,4,2,1,149
conv2d_simd_krsc,32,32,3,64,16,1,0,1,7772
conv2d_simd_krsc,32,32,3,64,16,1,1,1,8411
conv2d_simd_krsc,32,32,3,64,16,1,2,1,8906
conv2d_simd_krsc,32,32,3,64,16,2,0,1,2118
conv2d_simd_krsc,32,32,3,64,16,2,1,1,2369
conv2d_simd_krsc,32,32,3,64,16,2,2,1,2392
conv2d_simd_krsc,32,32,3,64,16,4,0,1,743
conv2d_simd_krsc,32,32,3,64,16,4,1,1,678
conv2d_simd_krsc,32,32,3,64,16,4,2,1,749
conv2d_simd_krsc,32,32,3,64,64,1,0,1,30447
conv2d_simd_krsc,32,32,3,64,64,1,1,1,33367
conv2d_simd_krsc,32,32,3,64,64,1,2,1,34774
conv2d_simd_krsc,32,32,3,64,64,2,0,1,7721
conv2d_simd_krsc,32,32,3,64,64,2,1,1,8456
conv2d_simd_krsc,32,32,3,64,64,2,2,1,8790
conv2d_simd_krsc,32,32,3,64,64,4,0,1,2378
conv2d_simd_krsc,32,32,3,64,64,4,1,1,2223
conv2d_simd_krsc,32,32,3,64,64,4,2,1,2416
conv2d_simd_krsc,32,32,5,1,1,1,0,1,729
conv2d_simd_krsc,32,32,5,1,1,1,1,1,795
conv2d_simd_krsc,32,32,5,1,1,1,2,1,866
conv2d_simd_krsc,32,32,5,1,1,2,0,1,190
conv2d_simd_krsc,32,32,5,1,1,2,1,1,225
conv2d_simd_krsc,32,32,5,1,1,2,2,1,229
conv2d_simd_krsc,32,32,5,1,1,4,0,1,68
conv2d_simd_krsc,32,32,5,1,1,4,1,1,81
conv2d_simd_krsc,32,32,5,1,1,4,2,1,87
conv2d_simd_krsc,32,32,5,1,16,1,0,1,9584
conv2d_simd_krsc,32,32,5,1,16,1,1,1,10549
conv2d_simd_krsc,32,32,5,1,16,1,2,1,11646
conv2d_simd_krsc,32,32,5,1,16,2,0,1,2577
conv2d_simd_krsc,32,32,5,1,16,2,1,1,2778
conv2d_simd_krsc,32,32,5,1,16,2,2,1,3093
conv2d_simd_krsc,32,32,5,1,16,4,0,1,717
conv2d_simd_krsc,32,32,5,1,16,4,1,1,884
conv2d_simd_krsc,32,32,5,1,16,4,2,1,857
conv2d_simd_krsc,32,32,5,1,64,1,0,1,36786
conv2d_simd_krsc,32,32,5,1,64,1,1,1,41553
conv2d_simd_krsc,32,32,5,1,64,1,2,1,44971
conv2d_simd_krsc,32,32,5,1,64,2,0,1,9568
conv2d_simd_krsc,32,32,5,1,64,2,1,1,10580
conv2d_simd_krsc,32,32,5,1,64,2,2,1,11540
conv2d_simd_krsc,32,32,5,1,64,4,0,1,2514
conv2d_simd_krsc,32,32,5,1,64,4,1,1,3122
conv2d_simd_krsc,32,32,5,1,64,4,2,1,3041
conv2d_simd_krsc,32,32,5,16,1,1,0,1,478
conv2d_simd_krsc,32,32,5,16,1,1,1,1,560
conv2d_simd_krsc,32,32,5,16,1,1,2,1,604
conv2d_simd_krsc,32,32,5,16,1,2,0,1,159
conv2d_simd_krsc,32,32,5,16,1,2,1,1,164
conv2d_simd_krsc,32,32,5,16,1,2,2,1,193
conv2d_simd_krsc,32,32,5,16,1,4,0,1,71
conv2d_simd_krsc,32,32,5,16,1,4,1,1,77
conv2d_simd_krsc,32,32,5,16,1,4,2,1,77
conv2d_simd_krsc,32,32,5,16,16,1,0,1,6414
conv2d_simd_krsc,32,32,5,16,16,1,1,1,8931
conv2d_simd_krsc,32,32,5,16,16,1,2,1,7840
conv2d_simd_krsc,32,32,5,16,16,2,0,1,1713
conv2d_simd_krsc,32,32,5,16,16,2,1,1,1880
conv2d_simd_krsc,32,32,5,16,16,2,2,1,2118
conv2d_simd_krsc,32,32,5,16,16,4,0,1,472
conv2d_simd_krsc,32,32,5,16,16,4,1,1,622
conv2d_simd_krsc,32,32,5,16,16,4,2,1,602
conv2d_simd_krsc,32,32,5,16,64,1,0,1,24280
conv2d_simd_krsc,32,32,5,16,64,1,1,1,27716
conv2d_simd_krsc,32,32,5,16,64,1,2,1,30318
conv2d_simd_krsc,32,32,5,16,64,2,0,1,6369
conv2d_simd_krsc,32,32,5,16,64,2,1,1,7194
conv2d_simd_krsc,32,32,5,16,64,2,2,1,7934
conv2d_simd_krsc,32,32,5,16,64,4,0,1,1707
conv2d_simd_krsc,32,32,5,16,64,4,1,1,2129
conv2d_simd_krsc,32,32,5,16,64,4,2,1,2080
conv2d_simd_krsc,32,32,5,64,1,1,0,1,1504
conv2d_simd_krsc,32,32,5,64,1,1,1,1,1681
conv2d_simd_krsc,32,32,5,64,1,1,2,1,1838
conv2d_simd_krsc,32,32,5,64,1,2,0,1,462
conv2d_simd_krsc,32,32,5,64,1,2,1,1,515
conv2d_simd_krsc,32,32,5,64,1,2,2,1,533
conv2d_simd_krsc,32,32,5,64,1,4,0,1,205
conv2d_simd_krsc,32,32,5,64,1,4,1,1,226
conv2d_simd_krsc,32,32,5,64,1,4,2,1,216
conv2d_simd_krsc,32,32,5,64,16,1,0,1,22269
conv2d_simd_krsc,32,32,5,64,16,1,1,1,25155
conv2d_simd_krsc,32,32,5,64,16,1,2,1,26663
conv2d_simd_krsc,32,32,5,64,16,2,0,1,5636
conv2d_simd_krsc,32,32,5,64,16,2,1,1,6273
conv2d_simd_krsc,32,32,5,64,16,2,2,1,6779
conv2d_simd_krsc,32,32,5,64,16,4,0,1,1518
conv2d_simd_krsc,32,32,5,64,16,4,1,1,1876
conv2d_simd_krsc,32,32,5,64,16,4,2,1,1773
conv2d_simd_krsc,32,32,5,64,64,1,0,1,86711
conv2d_simd_krsc,32,32,5,64,64,1,1,1,96461
conv2d_simd_krsc,32,32,5,64,64,1,2,1,104010
conv2d_simd_krsc,32,32,5,64,64,2,0,1,22418
conv2d_simd_krsc,32,32,5,64,64,2,1,1,25015
conv2d_simd_krsc,32,32,5,64,64,2,2,1,26745
conv2d_simd_krsc,32,32,5,64,64,4,0,1,5666
conv2d_simd_krsc,32,32,5,64,64,4,1,1,6932
conv2d_simd_krsc,32,32,5,64,64,4,2,1,6622
conv2d_simd_krsc,32,64,1,1,1,1,0,1,231
conv2d_simd_krsc,32,64,1,1,1,2,0,1,80
conv2d_simd_krsc,32,64,1,1,1,4,0,1,39
conv2d_simd_krsc,32,64,1,1,16,1,0,1,2855
conv2d_simd_krsc,32,64,1,1,16,2,0,1,797
conv2d_simd_krsc,32,64,1,1,16,4,0,1,245
conv2d_simd_krsc,32,64,1,1,64,1,0,1,10378
conv2d_simd_krsc,32,64,1,1,64,2,0,1,2803
conv2d_simd_krsc,32,64,1,1,64,4,0,1,807
conv2d_simd_krsc,32,64,1,16,1,1,0,1,188
conv2d_simd_krsc,32,64,1,16,1,2,0,1,169
conv2d_simd_krsc,32,64,1,16,1,4,0,1,86
conv2d_simd_krsc,32,64,1,16,16,1,0,1,2231
conv2d_simd_krsc,32,64,1,16,16,2,0,1,643
conv2d_simd_krsc,32,64,1,16,16,4,0,1,204
conv2d_simd_krsc,32,64,1,16,64,1,0,1,8107
conv2d_simd_krsc,32,64,1,16,64,2,0,1,2174
conv2d_simd_krsc,32,64,1,16,64,4,0,1,609
conv2d_simd_krsc,32,64,1,64,1,1,0,1,409
conv2d_simd_krsc,32,64,1,64,1,2,0,1,282
conv2d_simd_krsc,32,64,1,64,1,4,0,1,127
conv2d_simd_krsc,32,64,1,64,16,1,0,1,3612
conv2d_simd_krsc,32,64,1,64,16,2,0,1,1027
conv2d_simd_krsc,32,64,1,64,16,4,0,1,363
conv2d_simd_krsc,32,64,1,64,64,1,0,1,13085
conv2d_simd_krsc,32,64,1,64,64,2,0,1,3568
conv2d_simd_krsc,32,64,1,64,64,4,0,1,979
conv2d_simd_krsc,32,64,3,1,1,1,0,1,1247
conv2d_simd_krsc,32,64,3,1,1,1,1,1,1300
conv2d_simd_krsc,32,64,3,1,1,1,2,1,1324
conv2d_simd_krsc,32,64,3,1,1,2,0,1,367
conv2d_simd_krsc,32,64,3,1,1,2,1,1,381
conv2d_simd_krsc,32,64,3,1,1,2,2,1,394
conv2d_simd_krsc,32,64,3,1,1,4,0,1,107
conv2d_simd_krsc,32,64,3,1,1,4,1,1,94
conv2d_simd_krsc,32,64,3,1,1,4,2,1,122
conv2d_simd_krsc,32,64,3,1,16,1,0,1,17170
conv2d_simd_krsc,32,64,3,1,16,1,1,1,18238
conv2d_simd_krsc,32,64,3,1,16,1,2,1,18682
conv2d_simd_krsc,32,64,3,1,16,2,0,1,4563
conv2d_simd_krsc,32,64,3,1,16,2,1,1,4725
conv2d_simd_krsc,32,64,3,1,16,2,2,1,4900
conv2d_simd_krsc,32,64,3,1,16,4,0,1,1347
conv2d_simd_krsc,32,64,3,1,16,4,1,1,1264
conv2d_simd_krsc,32,64,3,1,16,4,2,1,1358
conv2d_simd_krsc,32,64,3,1,64,1,0,1,67058
conv2d_simd_krsc,32,64,3,1,64,1,1,1,70889
conv2d_simd_krsc,32,64,3,1,64,1,2,1,72130
conv2d_simd_krsc,32,64,3,1,64,2,0,1,17196
conv2d_simd_krsc,32,64,3,1,64,2,1,1,18215
conv2d_simd_krsc,32,64,3,1,64,2,2,1,18453
conv2d_simd_krsc,32,64,3,1,64,4,0,1,4902
conv2d_simd_krsc,32,64,3,1,64,4,1,1,4614
conv2d_simd_krsc,32,64,3,1,64,4,2,1,4920
conv2d_simd_krsc,32,64,3,16,1,1,0,1,858
conv2d_simd_krsc,32,64,3,16,1,1,1,1,891
conv2d_simd_krsc,32,64,3,16,1,1,2,1,928
conv2d_simd_krsc,32,64,3,16,1,2,0,1,268
conv2d_simd_krsc,32,64,3,16,1,2,1,1,269
conv2d_simd_krsc,32,64,3,16,1,2,2,1,304
conv2d_simd_krsc,32,64,3,16,1,4,0,1,163
conv2d_simd_krsc,32,64,3,16,1,4,1,1,196
conv2d_simd_krsc,32,64,3,16,1,4,2,1,187
conv2d_simd_krsc,32,64,3,16,16,1,0,1,11197
conv2d_simd_krsc,32,64,3,16,16,1,1,1,11558
conv2d_simd_krsc,32,64,3,16,16,1,2,1,11855
conv2d_simd_krsc,32,64,3,16,16,2,0,1,2981
conv2d_simd_krsc,32,64,3,16,16,2,1,1,3143
conv2d_simd_krsc,32,64,3,16,16,2,2,1,3269
conv2d_simd_krsc,32,64,3,16,16,4,0,1,933
conv2d_simd_krsc,32,64,3,16,16,4,1,1,924
conv2d_simd_krsc,32,64,3,16,16,4,2,1,955
conv2d_simd_krsc,32,64,3,16,64,1,0,1,42430
conv2d_simd_krsc,32,64,3,16,64,1,1,1,45088
conv2d_simd_krsc,32,64,3,16,64,1,2,1,46760
conv2d_simd_krsc,32,64,3,16,64,2,0,1,10963
conv2d_simd_krsc,32,64,3,16,64,2,1,1,11392
conv2d_simd_krsc,32,64,3,16,64,2,2,1,11693
conv2d_simd_krsc,32,64,3,16,64,4,0,1,3145
conv2d_simd_krsc,32,64,3,16,64,4,1,1,3030
conv2d_simd_krsc,32,64,3,16,64,4,2,1,3293
conv2d_simd_krsc,32,64,3,64,1,1,0,1,2241
conv2d_simd_krsc,32,64,3,64,1,1,1,1,2330
conv2d_simd_krsc,32,64,3,64,1,1,2,1,2371
conv2d_simd_krsc,32,64,3,64,1,2,0,1,698
conv2d_simd_krsc,32,64,3,64,1,2,1,1,709
conv2d_simd_krsc,32,64,3,64,1,2,2,1,736
conv2d_simd_krsc,32,64,3,64,1,4,0,1,304
conv2d_simd_krsc,32,64,3,64,1,4,1,1,301
conv2d_simd_krsc,32,64,3,64,1,4,2,1,316
conv2d_simd_krsc,32,64,3,64,16,1,0,1,32365
conv2d_simd_krsc,32,64,3,64,16,1,1,1,34076
conv2d_simd_krsc,32,64,3,64,16,1,2,1,34606
conv2d_simd_krsc,32,64,3,64,16,2,0,1,8327
conv2d_simd_krsc,32,64,3,64,16,2,1,1,8755
conv2d_simd_krsc,32,64,3,64,16,2,2,1,9054
conv2d_simd_krsc,32,64,3,64,16,4,0,1,2392
conv2d_simd_krsc,32,64,3,64,16,4,1,1,2294
conv2d_simd_krsc,32,64,3,64,16,4,2,1,2385
conv2d_simd_krsc,32,64,3,64,64,1,0,1,125315
conv2d_simd_krsc,32,64,3,64,64,1,1,1,130534
conv2d_simd_krsc,32,64,3,64,64,1,2,1,134107
conv2d_simd_krsc,32,64,3,64,64,2,0,1,32574
conv2d_simd_krsc,32,64,3,64,64,2,1,1,33894
conv2d_simd_krsc,32,64,3,64,64,2,2,1,34762
conv2d_simd_krsc,32,64,3,64,64,4,0,1,8849
conv2d_simd_krsc,32,64,3,64,64,4,1,1,8502
conv2d_simd_krsc,32,64,3,64,64,4,2,1,8923
conv2d_simd_krsc,32,64,5,1,1,1,0,1,2858
conv2d_simd_krsc,32,64,5,1,1,1,1,1,2986
conv2d_simd_krsc,32,64,5,1,1,1,2,1,3156
conv2d_simd_krsc,32,64,5,1,1,2,0,1,821
conv2d_simd_krsc,32,64,5,1,1,2,1,1,842
conv2d_simd_krsc,32,64,5,1,1,2,2,1,938
conv2d_simd_krsc,32,64,5,1,1,4,0,1,242
conv2d_simd_krsc,32,64,5,1,1,4,1,1,269
conv2d_simd_krsc,32,64,5,1,1,4,2,1,264
conv2d_simd_krsc,32,64,5,1,16,1,0,1,42285
conv2d_simd_krsc,32,64,5,1,16,1,1,1,44427
conv2d_simd_krsc,32,64,5,1,16,1,2,1,46410
conv2d_simd_krsc,32,64,5,1,16,2,0,1,10666
conv2d_simd_krsc,32,64,5,1,16,2,1,1,11487
conv2d_simd_krsc,32,64,5,1,16,2,2,1,11948
conv2d_simd_krsc,32,64,5,1,16,4,0,1,2847
conv2d_simd_krsc,32,64,5,1,16,4,1,1,3207
conv2d_simd_krsc,32,64,5,1,16,4,2,1,3112
conv2d_simd_krsc,32,64,5,1,64,1,0,1,163749
conv2d_simd_krsc,32,64,5,1,64,1,1,1,172619
conv2d_simd_krsc,32,64,5,1,64,1,2,1,180420
conv2d_simd_krsc,32,64,5,1,64,2,0,1,42075
conv2d_simd_krsc,32,64,5,1,64,2,1,1,44373
conv2d_simd_krsc,32,64,5,1,64,2,2,1,46455
conv2d_simd_krsc,32,64,5,1,64,4,0,1,10664
conv2d_simd_krsc,32,64,5,1,64,4,1,1,11903
conv2d_simd_krsc,32,64,5,1,64,4,2,1,11844
conv2d_simd_krsc,32,64,5,16,1,1,0,1,1995
conv2d_simd_krsc,32,64,5,16,1,1,1,1,2053
conv2d_simd_krsc,32,64,5,16,1,1,2,1,2173
conv2d_simd_krsc,32,64,5,16,1,2,0,1,621
conv2d_simd_krsc,32,64,5,16,1,2,1,1,619
conv2d_simd_krsc,32,64,5,16,1,2,2,1,655
conv2d_simd_krsc,32,64,5,16,1,4,0,1,225
conv2d_simd_krsc,32,64,5,16,1,4,1,1,228
conv2d_simd_krsc,32,64,5,16,1,4,2,1,235
conv2d_simd_krsc,32,64,5,16,16,1,0,1,28293
conv2d_simd_krsc,32,64,5,16,16,1,1,1,29951
conv2d_simd_krsc,32,64,5,16,16,1,2,1,31590
conv2d_simd_krsc,32,64,5,16,16,2,0,1,8592
conv2d_simd_krsc,32,64,5,16,16,2,1,1,7656
conv2d_simd_krsc,32,64,5,16,16,2,2,1,8002
conv2d_simd_krsc,32,64,5,16,16,4,0,1,2017
conv2d_simd_krsc,32,64,5,16,16,4,1,1,2166
conv2d_simd_krsc,32,64,5,16,16,4,2,1,2178
conv2d_simd_krsc,32,64,5,16,64,1,0,1,110804
conv2d_simd_krsc,32,64,5,16,64,1,1,1,115733
conv2d_simd_krsc,32,64,5,16,64,1,2,1,123562
conv2d_simd_krsc,32,64,5,16,64,2,0,1,28278
conv2d_simd_krsc,32,64,5,16,64,2,1,1,30263
conv2d_simd_krsc,32,64,5,16,64,2,2,1,31341
conv2d_simd_krsc,32,64,5,16,64,4,0,1,7376
conv2d_simd_krsc,32,64,5,16,64,4,1,1,8022
conv2d_simd_krsc,32,64,5,16,64,4,2,1,8064
conv2d_simd_krsc,32,64,5,64,1,1,0,1,6513
conv2d_simd_krsc,32,64,5,64,1,1,1,1,6853
conv2d_simd_krsc,32,64,5,64,1,1,2,1,7097
conv2d_simd_krsc,32,64,5,64,1,2,0,1,1781
conv2d_simd_krsc,32,64,5,64,1,2,1,1,1865
conv2d_simd_krsc,32,64,5,64,1,2,2,1,1899
conv2d_simd_krsc,32,64,5,64,1,4,0,1,570
conv2d_simd_krsc,32,64,5,64,1,4,1,1,642
conv2d_simd_krsc,32,64,5,64,1,4,2,1,593
conv2d_simd_krsc,32,64,5,64,16,1,0,1,99267
conv2d_simd_krsc,32,64,5,64,16,1,1,1,104817
conv2d_simd_krsc,32,64,5,64,16,1,2,1,110416
conv2d_simd_krsc,32,64,5,64,16,2,0,1,25589
conv2d_simd_krsc,32,64,5,64,16,2,1,1,26904
conv2d_simd_krsc,32,64,5,64,16,2,2,1,28126
conv2d_simd_krsc,32,64,5,64,16,4,0,1,6673
conv2d_simd_krsc,32,64,5,64,16,4,1,1,7146
conv2d_simd_krsc,32,64,5,64,16,4,2,1,7085
conv2d_simd_krsc,32,64,5,64,64,1,0,1,387240
conv2d_simd_krsc,32,64,5,64,64,1,1,1,408422
conv2d_simd_krsc,32,64,5,64,64,1,2,1,424311
conv2d_simd_krsc,32,64,5,64,64,2,0,1,99402
conv2d_simd_krsc,32,64,5,64,64,2,1,1,105349
conv2d_simd_krsc,32,64,5,64,64,2,2,1,108555
conv2d_simd_krsc,32,64,5,64,64,4,0,1,25842
conv2d_simd_krsc,32,64,5,64,64,4,1,1,28540
conv2d_simd_krsc,32,64,5,64,64,4,2,1,27732
conv2d_simd_krsc,32,128,1,1,1,1,0,1,809
conv2d_simd_krsc,32,128,1,1,1,2,0,1,237
conv2d_simd_krsc,32,128,1,1,1,4,0,1,93
conv2d_simd_krsc,32,128,1,1,16,1,0,1,10658
conv2d_simd_krsc,32,128,1,1,16,2,0,1,2902
conv2d_simd_krsc,32,128,1,1,16,4,0,1,816
conv2d_simd_krsc,32,128,1,1,64,1,0,1,41066
conv2d_simd_krsc,32,128,1,1,64,2,0,1,10373
conv2d_simd_krsc,32,128,1,1,64,4,0,1,2762
conv2d_simd_krsc,32,128,1,16,1,1,0,1,626
conv2d_simd_krsc,32,128,1,16,1,2,0,1,360
conv2d_simd_krsc,32,128,1,16,1,4,0,1,142
conv2d_simd_krsc,32,128,1,16,16,1,0,1,8182
conv2d_simd_krsc,32,128,1,16,16,2,0,1,2248
conv2d_simd_krsc,32,128,1,16,16,4,0,1,603
conv2d_simd_krsc,32,128,1,16,64,1,0,1,30472
conv2d_simd_krsc,32,128,1,16,64,2,0,1,8154
conv2d_simd_krsc,32,128,1,16,64,4,0,1,2153
conv2d_simd_krsc,32,128,1,64,1,1,0,1,1708
conv2d_simd_krsc,32,128,1,64,1,2,0,1,760
conv2d_simd_krsc,32,128,1,64,1,4,0,1,447
conv2d_simd_krsc,32,128,1,64,16,1,0,1,13543
conv2d_simd_krsc,32,128,1,64,16,2,0,1,3768
conv2d_simd_krsc,32,128,1,64,16,4,0,1,1250
conv2d_simd_krsc,32,128,1,64,64,1,0,1,52046
conv2d_simd_krsc,32,128,1,64,64,2,0,1,13816
conv2d_simd_krsc,32,128,1,64,64,4,0,1,3535
conv2d_simd_krsc,32,128,3,1,1,1,0,1,4654
conv2d_simd_krsc,32,128,3,1,1,1,1,1,4810
conv2d_simd_krsc,32,128,3,1,1,1,2,1,4909
conv2d_simd_krsc,32,128,3,1,1,2,0,1,1268
conv2d_simd_krsc,32,128,3,1,1,2,1,1,1284
conv2d_simd_krsc,32,128,3,1,1,2,2,1,1299
conv2d_simd_krsc,32,128,3,1,1,4,0,1,378
conv2d_simd_krsc,32,128,3,1,1,4,1,1,381
conv2d_simd_krsc,32,128,3,1,1,4,2,1,390
conv2d_simd_krsc,32,128,3,1,16,1,0,1,70570
conv2d_simd_krsc,32,128,3,1,16,1,1,1,73345
conv2d_simd_krsc,32,128,3,1,16,1,2,1,74054
conv2d_simd_krsc,32,128,3,1,16,2,0,1,18541
conv2d_simd_krsc,32,128,3,1,16,2,1,1,18845
conv2d_simd_krsc,32,128,3,1,16,2,2,1,18963
conv2d_simd_krsc,32,128,3,1,16,4,0,1,4872
conv2d_simd_krsc,32,128,3,1,16,4,1,1,4717
conv2d_simd_krsc,32,128,3,1,16,4,2,1,4900
conv2d_simd_krsc,32,128,3,1,64,1,0,1,274746
conv2d_simd_krsc,32,128,3,1,64,1,1,1,281468
conv2d_simd_krsc,32,128,3,1,64,1,2,1,288254
conv2d_simd_krsc,32,128,3,1,64,2,0,1,70205
conv2d_simd_krsc,32,128,3,1,64,2,1,1,72980
conv2d_simd_krsc,32,128,3,1,64,2,2,1,72295
conv2d_simd_krsc,32,128,3,1,64,4,0,1,18798
conv2d_simd_krsc,32,128,3,1,64,4,1,1,18551
conv2d_simd_krsc,32,128,3,1,64,4,2,1,18785
conv2d_simd_krsc,32,128,3,16,1,1,0,1,3048
conv2d_simd_krsc,32,128,3,16,1,1,1,1,3086
conv2d_simd_krsc,32,128,3,16,1,1,2,1,3214
conv2d_simd_krsc,32,128,3,16,1,2,0,1,962
conv2d_simd_krsc,32,128,3,16,1,2,1,1,957
conv2d_simd_krsc,32,128,3,16,1,2,2,1,972
conv2d_simd_krsc,32,128,3,16,1,4,0,1,380
conv2d_simd_krsc,32,128,3,16,1,4,1,1,377
conv2d_simd_krsc,32,128,3,16,1,4,2,1,426
conv2d_simd_krsc,32,128,3,16,16,1,0,1,45120
conv2d_simd_krsc,32,128,3,16,16,1,1,1,46013
conv2d_simd_krsc,32,128,3,16,16,1,2,1,47013
conv2d_simd_krsc,32,128,3,16,16,2,0,1,11734
conv2d_simd_krsc,32,128,3,16,16,2,1,1,11911
conv2d_simd_krsc,32,128,3,16,16,2,2,1,12943
conv2d_simd_krsc,32,128,3,16,16,4,0,1,3146
conv2d_simd_krsc,32,128,3,16,16,4,1,1,3163
conv2d_simd_krsc,32,128,3,16,16,4,2,1,3222
conv2d_simd_krsc,32,128,3,16,64,1,0,1,170243
conv2d_simd_krsc,32,128,3,16,64,1,1,1,175752
conv2d_simd_krsc,32,128,3,16,64,1,2,1,182058
conv2d_simd_krsc,32,128,3,16,64,2,0,1,46086
conv2d_simd_krsc,32,128,3,16,64,2,1,1,45134
conv2d_simd_krsc,32,128,3,16,64,2,2,1,46109
conv2d_simd_krsc,32,128,3,16,64,4,0,1,11973
conv2d_simd_krsc,32,128,3,16,64,4,1,1,11893
conv2d_simd_krsc,32,128,3,16,64,4,2,1,11823
conv2d_simd_krsc,32,128,3,64,1,1,0,1,8739
conv2d_simd_krsc,32,128,3,64,1,1,1,1,8971
conv2d_simd_krsc,32,128,3,64,1,1,2,1,9169
conv2d_simd_krsc,32,128,3,64,1,2,0,1,2409
conv2d_simd_krsc,32,128,3,64,1,2,1,1,2432
conv2d_simd_krsc,32,128,3,64,1,2,2,1,2504
conv2d_simd_krsc,32,128,3,64,1,4,0,1,1075
conv2d_simd_krsc,32,128,3,64,1,4,1,1,1083
conv2d_simd_krsc,32,128,3,64,1,4,2,1,1068
conv2d_simd_krsc,32,128,3,64,16,1,0,1,129645
conv2d_simd_krsc,32,128,3,64,16,1,1,1,130828
conv2d_simd_krsc,32,128,3,64,16,1,2,1,133524
conv2d_simd_krsc,32,128,3,64,16,2,0,1,35230
conv2d_simd_krsc,32,128,3,64,16,2,1,1,36810
conv2d_simd_krsc,32,128,3,64,16,2,2,1,35195
conv2d_simd_krsc,32,128,3,64,16,4,0,1,9108
conv2d_simd_krsc,32,128,3,64,16,4,1,1,9040
conv2d_simd_krsc,32,128,3,64,16,4,2,1,9241
conv2d_simd_krsc,32,128,3,64,64,1,0,1,508695
conv2d_simd_krsc,32,128,3,64,64,1,1,1,521377
conv2d_simd_krsc,32,128,3,64,64,1,2,1,530907
conv2d_simd_krsc,32,128,3,64,64,2,0,1,131650
conv2d_simd_krsc,32,128,3,64,64,2,1,1,131483
conv2d_simd_krsc,32,128,3,64,64,2,2,1,134133
conv2d_simd_krsc,32,128,3,64,64,4,0,1,35802
conv2d_simd_krsc,32,128,3,64,64,4,1,1,35121
conv2d_simd_krsc,32,128,3,64,64,4,2,1,35311
conv2d_simd_krsc,32,128,5,1,1,1,0,1,11697
conv2d_simd_krsc,32,128,5,1,1,1,1,1,11984
conv2d_simd_krsc,32,128,5,1,1,1,2,1,12200
conv2d_simd_krsc,32,128,5,1,1,2,0,1,3036
conv2d_simd_krsc,32,128,5,1,1,2,1,1,3135
conv2d_simd_krsc,32,128,5,1,1,2,2,1,3190
conv2d_simd_krsc,32,128,5,1,1,4,0,1,858
conv2d_simd_krsc,32,128,5,1,1,4,1,1,908
conv2d_simd_krsc,32,128,5,1,1,4,2,1,896
conv2d_simd_krsc,32,128,5,1,16,1,0,1,176199
conv2d_simd_krsc,32,128,5,1,16,1,1,1,183334
conv2d_simd_krsc,32,128,5,1,16,1,2,1,184108
conv2d_simd_krsc,32,128,5,1,16,2,0,1,45437
conv2d_simd_krsc,32,128,5,1,16,2,1,1,46328
conv2d_simd_krsc,32,128,5,1,16,2,2,1,46839
conv2d_simd_krsc,32,128,5,1,16,4,0,1,11859
conv2d_simd_krsc,32,128,5,1,16,4,1,1,12181
conv2d_simd_krsc,32,128,5,1,16,4,2,1,12077
conv2d_simd_krsc,32,128,5,1,64,1,0,1,688920
conv2d_simd_krsc,32,128,5,1,64,1,1,1,703571
conv2d_simd_krsc,32,128,5,1,64,1,2,1,718250
conv2d_simd_krsc,32,128,5,1,64,2,0,1,174602
conv2d_simd_krsc,32,128,5,1,64,2,1,1,185270
conv2d_simd_krsc,32,128,5,1,64,2,2,1,183319
conv2d_simd_krsc,32,128,5,1,64,4,0,1,45776
conv2d_simd_krsc,32,128,5,1,64,4,1,1,47322
conv2d_simd_krsc,32,128,5,1,64,4,2,1,47021
conv2d_simd_krsc,32,128,5,16,1,1,0,1,7983
conv2d_simd_krsc,32,128,5,16,1,1,1,1,8128
conv2d_simd_krsc,32,128,5,16,1,1,2,1,8288
conv2d_simd_krsc,32,128,5,16,1,2,0,1,2100
conv2d_simd_krsc,32,128,5,16,1,2,1,1,2165
conv2d_simd_krsc,32,128,5,16,1,2,2,1,2193
conv2d_simd_krsc,32,128,5,16,1,4,0,1,666
conv2d_simd_krsc,32,128,5,16,1,4,1,1,710
conv2d_simd_krsc,32,128,5,16,1,4,2,1,685
conv2d_simd_krsc,32,128,5,16,16,1,0,1,116817
conv2d_simd_krsc,32,128,5,16,16,1,1,1,120631
conv2d_simd_krsc,32,128,5,16,16,1,2,1,122742
conv2d_simd_krsc,32,128,5,16,16,2,0,1,30976
conv2d_simd_krsc,32,128,5,16,16,2,1,1,31964
conv2d_simd_krsc,32,128,5,16,16,2,2,1,32715
conv2d_simd_krsc,32,128,5,16,16,4,0,1,7992
conv2d_simd_krsc,32,128,5,16,16,4,1,1,8470
conv2d_simd_krsc,32,128,5,16,16,4,2,1,8402
conv2d_simd_krsc,32,128,5,16,64,1,0,1,465865
conv2d_simd_krsc,32,128,5,16,64,1,1,1,471378
conv2d_simd_krsc,32,128,5,16,64,1,2,1,494485
conv2d_simd_krsc,32,128,5,16,64,2,0,1,118513
conv2d_simd_krsc,32,128,5,16,64,2,1,1,123005
conv2d_simd_krsc,32,128,5,16,64,2,2,1,124617
conv2d_simd_krsc,32,128,5,16,64,4,0,1,30822
conv2d_simd_krsc,32,128,5,16,64,4,1,1,33033
conv2d_simd_krsc,32,128,5,16,64,4,2,1,32792
conv2d_simd_krsc,32,128,5,64,1,1,0,1,27893
conv2d_simd_krsc,32,128,5,64,1,1,1,1,29009
conv2d_simd_krsc,32,128,5,64,1,1,2,1,29398
conv2d_simd_krsc,32,128,5,64,1,2,0,1,6913
conv2d_simd_krsc,32,128,5,64,1,2,1,1,6996
conv2d_simd_krsc,32,128,5,64,1,2,2,1,7203
conv2d_simd_krsc,32,128,5,64,1,4,0,1,1930
conv2d_simd_krsc,32,128,5,64,1,4,1,1,1965
conv2d_simd_krsc,32,128,5,64,1,4,2,1,1933
conv2d_simd_krsc,32,128,5,64,16,1,0,1,417266
conv2d_simd_krsc,32,128,5,64,16,1,1,1,433097
conv2d_simd_krsc,32,128,5,64,16,1,2,1,437163
conv2d_simd_krsc,32,128,5,64,16,2,0,1,107030
conv2d_simd_krsc,32,128,5,64,16,2,1,1,109988
conv2d_simd_krsc,32,128,5,64,16,2,2,1,112037
conv2d_simd_krsc,32,128,5,64,16,4,0,1,27811
conv2d_simd_krsc,32,128,5,64,16,4,1,1,30607
conv2d_simd_krsc,32,128,5,64,16,4,2,1,28833
conv2d_simd_krsc,32,128,5,64,64,1,0,1,1650579
conv2d_simd_krsc,32,128,5,64,64,1,1,1,1691968
conv2d_simd_krsc,32,128,5,64,64,1,2,1,1740973
conv2d_simd_krsc,32,128,5,64,64,2,0,1,411501
conv2d_simd_krsc,32,128,5,64,64,2,1,1,458474
conv2d_simd_krsc,32,128,5,64,64,2,2,1,448032
conv2d_simd_krsc,32,128,5,64,64,4,0,1,107611
conv2d_simd_krsc,32,128,5,64,64,4,1,1,111259
conv2d_simd_krsc,32,128,5,64,64,4,2,1,110590
conv2d_xnnpack,16,32,1,1,1,1,0,1,25
conv2d_xnnpack,16,32,1,1,1,2,0,1,13
conv2d_xnnpack,16,32,1,1,1,4,0,1,11
conv2d_xnnpack,16,32,1,1,16,1,0,1,56
conv2d_xnnpack,16,32,1,1,16,2,0,1,22
conv2d_xnnpack,16,32,1,1,16,4,0,1,13
conv2d_xnnpack,16,32,1,1,64,1,0,1,198
conv2d_xnnpack,16,32,1,1,64,2,0,1,55
conv2d_xnnpack,16,32,1,1,64,4,0,1,20
conv2d_xnnpack,16,32,1,16,1,1,0,1,44
conv2d_xnnpack,16,32,1,16,1,2,0,1,18
conv2d_xnnpack,16,32,1,16,1,4,0,1,13
conv2d_xnnpack,16,32,1,16,16,1,0,1,79
conv2d_xnnpack,16,32,1,16,16,2,0,1,31
conv2d_xnnpack,16,32,1,16,16,4,0,1,12
conv2d_xnnpack,16,32,1,16,64,1,0,1,248
conv2d_xnnpack,16,32,1,16,64,2,0,1,74
conv2d_xnnpack,16,32,1,16,64,4,0,1,24
conv2d_xnnpack,16,32,1,64,1,1,0,1,71
conv2d_xnnpack,16,32,1,64,1,2,0,1,45
conv2d_xnnpack,16,32,1,64,1,4,0,1,17
conv2d_xnnpack,16,32,1,64,16,1,0,1,125
conv2d_xnnpack,16,32,1,64,16,2,0,1,54
conv2d_xnnpack,16,32,1,64,16,4,0,1,19
conv2d_xnnpack,16,32,1,64,64,1,0,1,487
conv2d_xnnpack,16,32,1,64,64,2,0,1,135
conv2d_xnnpack,16,32,1,64,64,4,0,1,60
conv2d_xnnpack,16,32,3,1,1,1,0,1,34
conv2d_xnnpack,16,32,3,1,1,1,1,1,29
conv2d_xnnpack,16,32,3,1,1,1,2,1,30
conv2d_xnnpack,16,32,3,1,1,2,0,1,14
conv2d_xnnpack,16,32,3,1,1,2,1,1,17
conv2d_xnnpack,16,32,3,1,1,2,2,1,18
conv2d_xnnpack,16,32,3,1,1,4,0,1,13
conv2d_xnnpack,16,32,3,1,1,4,1,1,14
conv2d_xnnpack,16,32,3,1,1,4,2,1,11
conv2d_xnnpack,16,32,3,1,16,1,0,1,70
conv2d_xnnpack,16,32,3,1,16,1,1,1,83
conv2d_xnnpack,16,32,3,1,16,1,2,1,68
conv2d_xnnpack,16,32,3,1,16,2,0,1,24
conv2d_xnnpack,16,32,3,1,16,2,1,1,25
conv2d_xnnpack,16,32,3,1,16,2,2,1,28
conv2d_xnnpack,16,32,3,1,16,4,0,1,15
conv2d_xnnpack,16,32,3,1,16,4,1,1,14
conv2d_xnnpack,16,32,3,1,16,4,2,1,16
conv2d_xnnpack,16,32,3,1,64,1,0,1,249
conv2d_xnnpack,16,32,3,1,64,1,1,1,248
conv2d_xnnpack,16,32,3,1,64,1,2,1,297
conv2d_xnnpack,16,32,3,1,64,2,0,1,84
conv2d_xnnpack,16,32,3,1,64,2,1,1,65
conv2d_xnnpack,16,32,3,1,64,2,2,1,75
conv2d_xnnpack,16,32,3,1,64,4,0,1,27
conv2d_xnnpack,16,32,3,1,64,4,1,1,24
conv2d_xnnpack,16,32,3,1,64,4,2,1,29
conv2d_xnnpack,16,32,3,16,1,1,0,1,90
conv2d_xnnpack,16,32,3,16,1,1,1,1,91
conv2d_xnnpack,16,32,3,16,1,1,2,1,94
conv2d_xnnpack,16,32,3,16,1,2,0,1,36
conv2d_xnnpack,16,32,3,16,1,2,1,1,35
conv2d_xnnpack,16,32,3,16,1,2,2,1,36
conv2d_xnnpack,16,32,3,16,1,4,0,1,15
conv2d_xnnpack,16,32,3,16,1,4,1,1,23
conv2d_xnnpack,16,32,3,16,1,4,2,1,26
conv2d_xnnpack,16,32,3,16,16,1,0,1,195
conv2d_xnnpack,16,32,3,16,16,1,1,1,230
conv2d_xnnpack,16,32,3,16,16,1,2,1,221
conv2d_xnnpack,16,32,3,16,16,2,0,1,78
conv2d_xnnpack,16,32,3,16,16,2,1,1,84
conv2d_xnnpack,16,32,3,16,16,2,2,1,78
conv2d_xnnpack,16,32,3,16,16,4,0,1,35
conv2d_xnnpack,16,32,3,16,16,4,1,1,39
conv2d_xnnpack,16,32,3,16,16,4,2,1,36
conv2d_xnnpack,16,32,3,16,64,1,0,1,705
conv2d_xnnpack,16,32,3,16,64,1,1,1,824
conv2d_xnnpack,16,32,3,16,64,1,2,1,889
conv2d_xnnpack,16,32,3,16,64,2,0,1,189
conv2d_xnnpack,16,32,3,16,64,2,1,1,206
conv2d_xnnpack,16,32,3,16,64,2,2,1,252
conv2d_xnnpack,16,32,3,16,64,4,0,1,74
conv2d_xnnpack,16,32,3,16,64,4,1,1,76
conv2d_xnnpack,16,32,3,16,64,4,2,1,110
conv2d_xnnpack,16,32,3,64,1,1,0,1,218
conv2d_xnnpack,16,32,3,64,1,1,1,1,237
conv2d_xnnpack,16,32,3,64,1,1,2,1,253
conv2d_xnnpack,16,32,3,64,1,2,0,1,87
conv2d_xnnpack,16,32,3,64,1,2,1,1,98
conv2d_xnnpack,16,32,3,64,1,2,2,1,102
conv2d_xnnpack,16,32,3,64,1,4,0,1,49
conv2d_xnnpack,16,32,3,64,1,4,1,1,58
conv2d_xnnpack,16,32,3,64,1,4,2,1,66
conv2d_xnnpack,16,32,3,64,16,1,0,1,619
conv2d_xnnpack,16,32,3,64,16,1,1,1,651
conv2d_xnnpack,16,32,3,64,16,1,2,1,766
conv2d_xnnpack,16,32,3,64,16,2,0,1,183
conv2d_xnnpack,16,32,3,64,16,2,1,1,200
conv2d_xnnpack,16,32,3,64,16,2,2,1,237
conv2d_xnnpack,16,32,3,64,16,4,0,1,94
conv2d_xnnpack,16,32,3,64,16,4,1,1,82
conv2d_xnnpack,16,32,3,64,16,4,2,1,112
conv2d_xnnpack,16,32,3,64,64,1,0,1,2274
conv2d_xnnpack,16,32,3,64,64,1,1,1,2628
conv2d_xnnpack,16,32,3,64,64,1,2,1,2897
conv2d_xnnpack,16,32,3,64,64,2,0,1,599
conv2d_xnnpack,16,32,3,64,64,2,1,1,684
conv2d_xnnpack,16,32,3,64,64,2,2,1,779
conv2d_xnnpack,16,32,3,64,64,4,0,1,198
conv2d_xnnpack,16,32,3,64,64,4,1,1,205
conv2d_xnnpack,16,32,3,64,64,4,2,1,258
conv2d_xnnpack,16,32,5,1,1,1,0,1,53
conv2d_xnnpack,16,32,5,1,1,1,1,1,63
conv2d_xnnpack,16,32,5,1,1,1,2,1,53
conv2d_xnnpack,16,32,5,1,1,2,0,1,17
conv2d_xnnpack,16,32,5,1,1,2,1,1,23
conv2d_xnnpack,16,32,5,1,1,2,2,1,27
conv2d_xnnpack,16,32,5,1,1,4,0,1,14
conv2d_xnnpack,16,32,5,1,1,4,1,1,14
conv2d_xnnpack,16,32,5,1,1,4,2,1,14
conv2d_xnnpack,16,32,5,1,16,1,0,1,87
conv2d_xnnpack,16,32,5,1,16,1,1,1,108
conv2d_xnnpack,16,32,5,1,16,1,2,1,126
conv2d_xnnpack,16,32,5,1,16,2,0,1,31
conv2d_xnnpack,16,32,5,1,16,2,1,1,34
conv2d_xnnpack,16,32,5,1,16,2,2,1,43
conv2d_xnnpack,16,32,5,1,16,4,0,1,18
conv2d_xnnpack,16,32,5,1,16,4,1,1,20
conv2d_xnnpack,16,32,5,1,16,4,2,1,17
conv2d_xnnpack,16,32,5,1,64,1,0,1,304
conv2d_xnnpack,16,32,5,1,64,1,1,1,337
conv2d_xnnpack,16,32,5,1,64,1,2,1,394
conv2d_xnnpack,16,32,5,1,64,2,0,1,85
conv2d_xnnpack,16,32,5,1,64,2,1,1,93
conv2d_xnnpack,16,32,5,1,64,2,2,1,101
conv2d_xnnpack,16,32,5,1,64,4,0,1,47
conv2d_xnnpack,16,32,5,1,64,4,1,1,48
conv2d_xnnpack,16,32,5,1,64,4,2,1,47
conv2d_xnnpack,16,32,5,16,1,1,0,1,148
conv2d_xnnpack,16,32,5,16,1,1,1,1,166
conv2d_xnnpack,16,32,5,16,1,1,2,1,190
conv2d_xnnpack,16,32,5,16,1,2,0,1,55
conv2d_xnnpack,16,32,5,16,1,2,1,1,67
conv2d_xnnpack,16,32,5,16,1,2,2,1,72
conv2d_xnnpack,16,32,5,16,1,4,0,1,23
conv2d_xnnpack,16,32,5,16,1,4,1,1,25
conv2d_xnnpack,16,32,5,16,1,4,2,1,31
conv2d_xnnpack,16,32,5,16,16,1,0,1,388
conv2d_xnnpack,16,32,5,16,16,1,1,1,442
conv2d_xnnpack,16,32,5,16,16,1,2,1,493
conv2d_xnnpack,16,32,5,16,16,2,0,1,113
conv2d_xnnpack,16,32,5,16,16,2,1,1,151
conv2d_xnnpack,16,32,5,16,16,2,2,1,153
conv2d_xnnpack,16,32,5,16,16,4,0,1,54
conv2d_xnnpack,16,32,5,16,16,4,1,1,65
conv2d_xnnpack,16,32,5,16,16,4,2,1,56
conv2d_xnnpack,16,32,5,16,64,1,0,1,1491
conv2d_xnnpack,16,32,5,16,64,1,1,1,1723
conv2d_xnnpack,16,32,5,16,64,1,2,1,1882
conv2d_xnnpack,16,32,5,16,64,2,0,1,387
conv2d_xnnpack,16,32,5,16,64,2,1,1,456
conv2d_xnnpack,16,32,5,16,64,2,2,1,529
conv2d_xnnpack,16,32,5,16,64,4,0,1,148
conv2d_xnnpack,16,32,5,16,64,4,1,1,158
conv2d_xnnpack,16,32,5,16,64,4,2,1,160
conv2d_xnnpack,16,32,5,64,1,1,0,1,455
conv2d_xnnpack,16,32,5,64,1,1,1,1,537
conv2d_xnnpack,16,32,5,64,1,1,2,1,581
conv2d_xnnpack,16,32,5,64,1,2,0,1,156
conv2d_xnnpack,16,32,5,64,1,2,1,1,179
conv2d_xnnpack,16,32,5,64,1,2,2,1,163
conv2d_xnnpack,16,32,5,64,1,4,0,1,75
conv2d_xnnpack,16,32,5,64,1,4,1,1,74
conv2d_xnnpack,16,32,5,64,1,4,2,1,86
conv2d_xnnpack,16,32,5,64,16,1,0,1,1429
conv2d_xnnpack,16,32,5,64,16,1,1,1,1574
conv2d_xnnpack,16,32,5,64,16,1,2,1,1755
conv2d_xnnpack,16,32,5,64,16,2,0,1,362
conv2d_xnnpack,16,32,5,64,16,2,1,1,441
conv2d_xnnpack,16,32,5,64,16,2,2,1,466
conv2d_xnnpack,16,32,5,64,16,4,0,1,142
conv2d_xnnpack,16,32,5,64,16,4,1,1,161
conv2d_xnnpack,16,32,5,64,16,4,2,1,155
conv2d_xnnpack,16,32,5,64,64,1,0,1,5251
conv2d_xnnpack,16,32,5,64,64,1,1,1,5870
conv2d_xnnpack,16,32,5,64,64,1,2,1,6763
conv2d_xnnpack,16,32,5,64,64,2,0,1,1366
conv2d_xnnpack,16,32,5,64,64,2,1,1,1605
conv2d_xnnpack,16,32,5,64,64,2,2,1,1785
conv2d_xnnpack,16,32,5,64,64,4,0,1,378
conv2d_xnnpack,16,32,5,64,64,4,1,1,484
conv2d_xnnpack,16,32,5,64,64,4,2,1,477
conv2d_xnnpack,16,64,1,1,1,1,0,1,53
conv2d_xnnpack,16,64,1,1,1,2,0,1,29
conv2d_xnnpack,16,64,1,1,1,4,0,1,13
conv2d_xnnpack,16,64,1,1,16,1,0,1,206
conv2d_xnnpack,16,64,1,1,16,2,0,1,53
conv2d_xnnpack,16,64,1,1,16,4,0,1,16
conv2d_xnnpack,16,64,1,1,64,1,0,1,694
conv2d_xnnpack,16,64,1,1,64,2,0,1,196
conv2d_xnnpack,16,64,1,1,64,4,0,1,41
conv2d_xnnpack,16,64,1,16,1,1,0,1,109
conv2d_xnnpack,16,64,1,16,1,2,0,1,55
conv2d_xnnpack,16,64,1,16,1,4,0,1,16
conv2d_xnnpack,16,64,1,16,16,1,0,1,282
conv2d_xnnpack,16,64,1,16,16,2,0,1,93
conv2d_xnnpack,16,64,1,16,16,4,0,1,37
conv2d_xnnpack,16,64,1,16,64,1,0,1,911
conv2d_xnnpack,16,64,1,16,64,2,0,1,276
conv2d_xnnpack,16,64,1,16,64,4,0,1,182
conv2d_xnnpack,16,64,1,64,1,1,0,1,155
conv2d_xnnpack,16,64,1,64,1,2,0,1,99
conv2d_xnnpack,16,64,1,64,1,4,0,1,60
conv2d_xnnpack,16,64,1,64,16,1,0,1,498
conv2d_xnnpack,16,64,1,64,16,2,0,1,144
conv2d_xnnpack,16,64,1,64,16,4,0,1,74
conv2d_xnnpack,16,64,1,64,64,1,0,1,1681
conv2d_xnnpack,16,64,1,64,64,2,0,1,476
conv2d_xnnpack,16,64,1,64,64,4,0,1,152
conv2d_xnnpack,16,64,3,1,1,1,0,1,66
conv2d_xnnpack,16,64,3,1,1,1,1,1,67
conv2d_xnnpack,16,64,3,1,1,1,2,1,74
conv2d_xnnpack,16,64,3,1,1,2,0,1,39
conv2d_xnnpack,16,64,3,1,1,2,1,1,32
conv2d_xnnpack,16,64,3,1,1,2,2,1,37
conv2d_xnnpack,16,64,3,1,1,4,0,1,16
conv2d_xnnpack,16,64,3,1,1,4,1,1,15
conv2d_xnnpack,16,64,3,1,1,4,2,1,17
conv2d_xnnpack,16,64,3,1,16,1,0,1,237
conv2d_xnnpack,16,64,3,1,16,1,1,1,280
conv2d_xnnpack,16,64,3,1,16,1,2,1,266
conv2d_xnnpack,16,64,3,1,16,2,0,1,72
conv2d_xnnpack,16,64,3,1,16,2,1,1,70
conv2d_xnnpack,16,64,3,1,16,2,2,1,79
conv2d_xnnpack,16,64,3,1,16,4,0,1,25
conv2d_xnnpack,16,64,3,1,16,4,1,1,27
conv2d_xnnpack,16,64,3,1,16,4,2,1,28
conv2d_xnnpack,16,64,3,1,64,1,0,1,447
conv2d_xnnpack,16,64,3,1,64,1,1,1,913
conv2d_xnnpack,16,64,3,1,64,1,2,1,1067
conv2d_xnnpack,16,64,3,1,64,2,0,1,280
conv2d_xnnpack,16,64,3,1,64,2,1,1,268
conv2d_xnnpack,16,64,3,1,64,2,2,1,294
conv2d_xnnpack,16,64,3,1,64,4,0,1,76
conv2d_xnnpack,16,64,3,1,64,4,1,1,78
conv2d_xnnpack,16,64,3,1,64,4,2,1,60
conv2d_xnnpack,16,64,3,16,1,1,0,1,537
conv2d_xnnpack,16,64,3,16,1,1,1,1,294
conv2d_xnnpack,16,64,3,16,1,1,2,1,290
conv2d_xnnpack,16,64,3,16,1,2,0,1,102
conv2d_xnnpack,16,64,3,16,1,2,1,1,95
conv2d_xnnpack,16,64,3,16,1,2,2,1,89
conv2d_xnnpack,16,64,3,16,1,4,0,1,77
conv2d_xnnpack,16,64,3,16,1,4,1,1,57
conv2d_xnnpack,16,64,3,16,1,4,2,1,54
conv2d_xnnpack,16,64,3,16,16,1,0,1,778
conv2d_xnnpack,16,64,3,16,16,1,1,1,823
conv2d_xnnpack,16,64,3,16,16,1,2,1,884
conv2d_xnnpack,16,64,3,16,16,2,0,1,211
conv2d_xnnpack,16,64,3,16,16,2,1,1,210
conv2d_xnnpack,16,64,3,16,16,2,2,1,224
conv2d_xnnpack,16,64,3,16,16,4,0,1,86
conv2d_xnnpack,16,64,3,16,16,4,1,1,91
conv2d_xnnpack,16,64,3,16,16,4,2,1,109
conv2d_xnnpack,16,64,3,16,64,1,0,1,2435
conv2d_xnnpack,16,64,3,16,64,1,1,1,3041
conv2d_xnnpack,16,64,3,16,64,1,2,1,3145
conv2d_xnnpack,16,64,3,16,64,2,0,1,783
conv2d_xnnpack,16,64,3,16,64,2,1,1,818
conv2d_xnnpack,16,64,3,16,64,2,2,1,864
conv2d_xnnpack,16,64,3,16,64,4,0,1,231
conv2d_xnnpack,16,64,3,16,64,4,1,1,220
conv2d_xnnpack,16,64,3,16,64,4,2,1,246
conv2d_xnnpack,16,64,3,64,1,1,0,1,784
conv2d_xnnpack,16,64,3,64,1,1,1,1,788
conv2d_xnnpack,16,64,3,64,1,1,2,1,839
conv2d_xnnpack,16,64,3,64,1,2,0,1,254
conv2d_xnnpack,16,64,3,64,1,2,1,1,258
conv2d_xnnpack,16,64,3,64,1,2,2,1,266
conv2d_xnnpack,16,64,3,64,1,4,0,1,140
conv2d_xnnpack,16,64,3,64,1,4,1,1,137
conv2d_xnnpack,16,64,3,64,1,4,2,1,142
conv2d_xnnpack,16,64,3,64,16,1,0,1,2419
conv2d_xnnpack,16,64,3,64,16,1,1,1,2581
conv2d_xnnpack,16,64,3,64,16,1,2,1,2742
conv2d_xnnpack,16,64,3,64,16,2,0,1,650
conv2d_xnnpack,16,64,3,64,16,2,1,1,681
conv2d_xnnpack,16,64,3,64,16,2,2,1,720
conv2d_xnnpack,16,64,3,64,16,4,0,1,230
conv2d_xnnpack,16,64,3,64,16,4,1,1,234
conv2d_xnnpack,16,64,3,64,16,4,2,1,244
conv2d_xnnpack,16,64,3,64,64,1,0,1,10774
conv2d_xnnpack,16,64,3,64,64,1,1,1,10115
conv2d_xnnpack,16,64,3,64,64,1,2,1,10969
conv2d_xnnpack,16,64,3,64,64,2,0,1,2476
conv2d_xnnpack,16,64,3,64,64,2,1,1,2618
conv2d_xnnpack,16,64,3,64,64,2,2,1,2788
conv2d_xnnpack,16,64,3,64,64,4,0,1,665
conv2d_xnnpack,16,64,3,64,64,4,1,1,667
conv2d_xnnpack,16,64,3,64,64,4,2,1,806
conv2d_xnnpack,16,64,5,1,1,1,0,1,144
conv2d_xnnpack,16,64,5,1,1,1,1,1,1460
conv2d_xnnpack,16,64,5,1,1,1,2,1,576
conv2d_xnnpack,16,64,5,1,1,2,0,1,154
conv2d_xnnpack,16,64,5,1,1,2,1,1,129
conv2d_xnnpack,16,64,5,1,1,2,2,1,93
conv2d_xnnpack,16,64,5,1,1,4,0,1,36
conv2d_xnnpack,16,64,5,1,1,4,1,1,36
conv2d_xnnpack,16,64,5,1,1,4,2,1,41
conv2d_xnnpack,16,64,5,1,16,1,0,1,541
conv2d_xnnpack,16,64,5,1,16,1,1,1,453
conv2d_xnnpack,16,64,5,1,16,1,2,1,409
conv2d_xnnpack,16,64,5,1,16,2,0,1,95
conv2d_xnnpack,16,64,5,1,16,2,1,1,109
conv2d_xnnpack,16,64,5,1,16,2,2,1,117
conv2d_xnnpack,16,64,5,1,16,4,0,1,44
conv2d_xnnpack,16,64,5,1,16,4,1,1,47
conv2d_xnnpack,16,64,5,1,16,4,2,1,41
conv2d_xnnpack,16,64,5,1,64,1,0,1,851
conv2d_xnnpack,16,64,5,1,64,1,1,1,924
conv2d_xnnpack,16,64,5,1,64,1,2,1,1486
conv2d_xnnpack,16,64,5,1,64,2,0,1,313
conv2d_xnnpack,16,64,5,1,64,2,1,1,375
conv2d_xnnpack,16,64,5,1,64,2,2,1,374
conv2d_xnnpack,16,64,5,1,64,4,0,1,92
conv2d_xnnpack,16,64,5,1,64,4,1,1,113
conv2d_xnnpack,16,64,5,1,64,4,2,1,104
conv2d_xnnpack,16,64,5,16,1,1,0,1,533
conv2d_xnnpack,16,64,5,16,1,1,1,1,567
conv2d_xnnpack,16,64,5,16,1,1,2,1,623
conv2d_xnnpack,16,64,5,16,1,2,0,1,156
conv2d_xnnpack,16,64,5,16,1,2,1,1,177
conv2d_xnnpack,16,64,5,16,1,2,2,1,182
conv2d_xnnpack,16,64,5,16,1,4,0,1,91
conv2d_xnnpack,16,64,5,16,1,4,1,1,112
conv2d_xnnpack,16,64,5,16,1,4,2,1,92
conv2d_xnnpack,16,64,5,16,16,1,0,1,1661
conv2d_xnnpack,16,64,5,16,16,1,1,1,1829
conv2d_xnnpack,16,64,5,16,16,1,2,1,1867
conv2d_xnnpack,16,64,5,16,16,2,0,1,444
conv2d_xnnpack,16,64,5,16,16,2,1,1,474
conv2d_xnnpack,16,64,5,16,16,2,2,1,485
conv2d_xnnpack,16,64,5,16,16,4,0,1,150
conv2d_xnnpack,16,64,5,16,16,4,1,1,161
conv2d_xnnpack,16,64,5,16,16,4,2,1,156
conv2d_xnnpack,16,64,5,16,64,1,0,1,6010
conv2d_xnnpack,16,64,5,16,64,1,1,1,6363
conv2d_xnnpack,16,64,5,16,64,1,2,1,7289
conv2d_xnnpack,16,64,5,16,64,2,0,1,1716
conv2d_xnnpack,16,64,5,16,64,2,1,1,1871
conv2d_xnnpack,16,64,5,16,64,2,2,1,1904
conv2d_xnnpack,16,64,5,16,64,4,0,1,442
conv2d_xnnpack,16,64,5,16,64,4,1,1,505
conv2d_xnnpack,16,64,5,16,64,4,2,1,519
conv2d_xnnpack,16,64,5,64,1,1,0,1,1902
conv2d_xnnpack,16,64,5,64,1,1,1,1,2015
conv2d_xnnpack,16,64,5,64,1,1,2,1,2145
conv2d_xnnpack,16,64,5,64,1,2,0,1,530
conv2d_xnnpack,16,64,5,64,1,2,1,1,568
conv2d_xnnpack,16,64,5,64,1,2,2,1,595
conv2d_xnnpack,16,64,5,64,1,4,0,1,189
conv2d_xnnpack,16,64,5,64,1,4,1,1,200
conv2d_xnnpack,16,64,5,64,1,4,2,1,221
conv2d_xnnpack,16,64,5,64,16,1,0,1,5973
conv2d_xnnpack,16,64,5,64,16,1,1,1,6276
conv2d_xnnpack,16,64,5,64,16,1,2,1,6612
conv2d_xnnpack,16,64,5,64,16,2,0,1,1553
conv2d_xnnpack,16,64,5,64,16,2,1,1,1681
conv2d_xnnpack,16,64,5,64,16,2,2,1,1769
conv2d_xnnpack,16,64,5,64,16,4,0,1,437
conv2d_xnnpack,16,64,5,64,16,4,1,1,495
conv2d_xnnpack,16,64,5,64,16,4,2,1,495
conv2d_xnnpack,16,64,5,64,64,1,0,1,22440
conv2d_xnnpack,16,64,5,64,64,1,1,1,23696
conv2d_xnnpack,16,64,5,64,64,1,2,1,25917
conv2d_xnnpack,16,64,5,64,64,2,0,1,6064
conv2d_xnnpack,16,64,5,64,64,2,1,1,6530
conv2d_xnnpack,16,64,5,64,64,2,2,1,6750
conv2d_xnnpack,16,64,5,64,64,4,0,1,1620
conv2d_xnnpack,16,64,5,64,64,4,1,1,1837
conv2d_xnnpack,16,64,5,64,64,4,2,1,1787
conv2d_xnnpack,16,128,1,1,1,1,0,1,132
conv2d_xnnpack,16,128,1,1,1,2,0,1,53
conv2d_xnnpack,16,128,1,1,1,4,0,1,38
conv2d_xnnpack,16,128,1,1,16,1,0,1,790
conv2d_xnnpack,16,128,1,1,16,2,0,1,231
conv2d_xnnpack,16,128,1,1,16,4,0,1,61
conv2d_xnnpack,16,128,1,1,64,1,0,1,3316
conv2d_xnnpack,16,128,1,1,64,2,0,1,712
conv2d_xnnpack,16,128,1,1,64,4,0,1,218
conv2d_xnnpack,16,128,1,16,1,1,0,1,183
conv2d_xnnpack,16,128,1,16,1,2,0,1,123
conv2d_xnnpack,16,128,1,16,1,4,0,1,52
conv2d_xnnpack,16,128,1,16,16,1,0,1,889
conv2d_xnnpack,16,128,1,16,16,2,0,1,347
conv2d_xnnpack,16,128,1,16,16,4,0,1,107
conv2d_xnnpack,16,128,1,16,64,1,0,1,3463
conv2d_xnnpack,16,128,1,16,64,2,0,1,940
conv2d_xnnpack,16,128,1,16,64,4,0,1,298
conv2d_xnnpack,16,128,1,64,1,1,0,1,615
conv2d_xnnpack,16,128,1,64,1,2,0,1,378
conv2d_xnnpack,16,128,1,64,1,4,0,1,140
conv2d_xnnpack,16,128,1,64,16,1,0,1,1674
conv2d_xnnpack,16,128,1,64,16,2,0,1,605
conv2d_xnnpack,16,128,1,64,16,4,0,1,166
conv2d_xnnpack,16,128,1,64,64,1,0,1,6200
conv2d_xnnpack,16,128,1,64,64,2,0,1,1734
conv2d_xnnpack,16,128,1,64,64,4,0,1,483
conv2d_xnnpack,16,128,3,1,1,1,0,1,189
conv2d_xnnpack,16,128,3,1,1,1,1,1,222
conv2d_xnnpack,16,128,3,1,1,1,2,1,196
conv2d_xnnpack,16,128,3,1,1,2,0,1,68
conv2d_xnnpack,16,128,3,1,1,2,1,1,79
conv2d_xnnpack,16,128,3,1,1,2,2,1,74
conv2d_xnnpack,16,128,3,1,1,4,0,1,34
conv2d_xnnpack,16,128,3,1,1,4,1,1,43
conv2d_xnnpack,16,128,3,1,1,4,2,1,45
conv2d_xnnpack,16,128,3,1,16,1,0,1,892
conv2d_xnnpack,16,128,3,1,16,1,1,1,997
conv2d_xnnpack,16,128,3,1,16,1,2,1,935
conv2d_xnnpack,16,128,3,1,16,2,0,1,256
conv2d_xnnpack,16,128,3,1,16,2,1,1,248
conv2d_xnnpack,16,128,3,1,16,2,2,1,256
conv2d_xnnpack,16,128,3,1,16,4,0,1,79
conv2d_xnnpack,16,128,3,1,16,4,1,1,70
conv2d_xnnpack,16,128,3,1,16,4,2,1,75
conv2d_xnnpack,16,128,3,1,64,1,0,1,3600
conv2d_xnnpack,16,128,3,1,64,1,1,1,3488
conv2d_xnnpack,16,128,3,1,64,1,2,1,3690
conv2d_xnnpack,16,128,3,1,64,2,0,1,915
conv2d_xnnpack,16,128,3,1,64,2,1,1,907
conv2d_xnnpack,16,128,3,1,64,2,2,1,999
conv2d_xnnpack,16,128,3,1,64,4,0,1,264
conv2d_xnnpack,16,128,3,1,64,4,1,1,253
conv2d_xnnpack,16,128,3,1,64,4,2,1,282
conv2d_xnnpack,16,128,3,16,1,1,0,1,796
conv2d_xnnpack,16,128,3,16,1,1,1,1,828
conv2d_xnnpack,16,128,3,16,1,1,2,1,839
conv2d_xnnpack,16,128,3,16,1,2,0,1,254
conv2d_xnnpack,16,128,3,16,1,2,1,1,248
conv2d_xnnpack,16,128,3,16,1,2,2,1,243
conv2d_xnnpack,16,128,3,16,1,4,0,1,135
conv2d_xnnpack,16,128,3,16,1,4,1,1,130
conv2d_xnnpack,16,128,3,16,1,4,2,1,139
conv2d_xnnpack,16,128,3,16,16,1,0,1,2827
conv2d_xnnpack,16,128,3,16,16,1,1,1,3057
conv2d_xnnpack,16,128,3,16,16,1,2,1,3119
conv2d_xnnpack,16,128,3,16,16,2,0,1,805
conv2d_xnnpack,16,128,3,16,16,2,1,1,826
conv2d_xnnpack,16,128,3,16,16,2,2,1,842
conv2d_xnnpack,16,128,3,16,16,4,0,1,245
conv2d_xnnpack,16,128,3,16,16,4,1,1,241
conv2d_xnnpack,16,128,3,16,16,4,2,1,244
conv2d_xnnpack,16,128,3,16,64,1,0,1,11611
conv2d_xnnpack,16,128,3,16,64,1,1,1,11819
conv2d_xnnpack,16,128,3,16,64,1,2,1,12248
conv2d_xnnpack,16,128,3,16,64,2,0,1,2967
conv2d_xnnpack,16,128,3,16,64,2,1,1,3080
conv2d_xnnpack,16,128,3,16,64,2,2,1,3166
conv2d_xnnpack,16,128,3,16,64,4,0,1,852
conv2d_xnnpack,16,128,3,16,64,4,1,1,857
conv2d_xnnpack,16,128,3,16,64,4,2,1,875
conv2d_xnnpack,16,128,3,64,1,1,0,1,2926
conv2d_xnnpack,16,128,3,64,1,1,1,1,3044
conv2d_xnnpack,16,128,3,64,1,1,2,1,3129
conv2d_xnnpack,16,128,3,64,1,2,0,1,865
conv2d_xnnpack,16,128,3,64,1,2,1,1,916
conv2d_xnnpack,16,128,3,64,1,2,2,1,897
conv2d_xnnpack,16,128,3,64,1,4,0,1,698
conv2d_xnnpack,16,128,3,64,1,4,1,1,686
conv2d_xnnpack,16,128,3,64,1,4,2,1,700
conv2d_xnnpack,16,128,3,64,16,1,0,1,9665
conv2d_xnnpack,16,128,3,64,16,1,1,1,10181
conv2d_xnnpack,16,128,3,64,16,1,2,1,10454
conv2d_xnnpack,16,128,3,64,16,2,0,1,2743
conv2d_xnnpack,16,128,3,64,16,2,1,1,2667
conv2d_xnnpack,16,128,3,64,16,2,2,1,2810
conv2d_xnnpack,16,128,3,64,16,4,0,1,933
conv2d_xnnpack,16,128,3,64,16,4,1,1,972
conv2d_xnnpack,16,128,3,64,16,4,2,1,1000
conv2d_xnnpack,16,128,3,64,64,1,0,1,37438
conv2d_xnnpack,16,128,3,64,64,1,1,1,38473
conv2d_xnnpack,16,128,3,64,64,1,2,1,39526
conv2d_xnnpack,16,128,3,64,64,2,0,1,9859
conv2d_xnnpack,16,128,3,64,64,2,1,1,10127
conv2d_xnnpack,16,128,3,64,64,2,2,1,10574
conv2d_xnnpack,16,128,3,64,64,4,0,1,2664
conv2d_xnnpack,16,128,3,64,64,4,1,1,2825
conv2d_xnnpack,16,128,3,64,64,4,2,1,2879
conv2d_xnnpack,16,128,5,1,1,1,0,1,469
conv2d_xnnpack,16,128,5,1,1,1,1,1,460
conv2d_xnnpack,16,128,5,1,1,1,2,1,522
conv2d_xnnpack,16,128,5,1,1,2,0,1,135
conv2d_xnnpack,16,128,5,1,1,2,1,1,156
conv2d_xnnpack,16,128,5,1,1,2,2,1,133
conv2d_xnnpack,16,128,5,1,1,4,0,1,65
conv2d_xnnpack,16,128,5,1,1,4,1,1,68
conv2d_xnnpack,16,128,5,1,1,4,2,1,56
conv2d_xnnpack,16,128,5,1,16,1,0,1,911
conv2d_xnnpack,16,128,5,1,16,1,1,1,1409
conv2d_xnnpack,16,128,5,1,16,1,2,1,1456
conv2d_xnnpack,16,128,5,1,16,2,0,1,355
conv2d_xnnpack,16,128,5,1,16,2,1,1,387
conv2d_xnnpack,16,128,5,1,16,2,2,1,381
conv2d_xnnpack,16,128,5,1,16,4,0,1,116
conv2d_xnnpack,16,128,5,1,16,4,1,1,113
conv2d_xnnpack,16,128,5,1,16,4,2,1,107
conv2d_xnnpack,16,128,5,1,64,1,0,1,4983
conv2d_xnnpack,16,128,5,1,64,1,1,1,5046
conv2d_xnnpack,16,128,5,1,64,1,2,1,5249
conv2d_xnnpack,16,128,5,1,64,2,0,1,910
conv2d_xnnpack,16,128,5,1,64,2,1,1,1384
conv2d_xnnpack,16,128,5,1,64,2,2,1,1408
conv2d_xnnpack,16,128,5,1,64,4,0,1,356
conv2d_xnnpack,16,128,5,1,64,4,1,1,395
conv2d_xnnpack,16,128,5,1,64,4,2,1,378
conv2d_xnnpack,16,128,5,16,1,1,0,1,2042
conv2d_xnnpack,16,128,5,16,1,1,1,1,2087
conv2d_xnnpack,16,128,5,16,1,1,2,1,2181
conv2d_xnnpack,16,128,5,16,1,2,0,1,554
conv2d_xnnpack,16,128,5,16,1,2,1,1,611
conv2d_xnnpack,16,128,5,16,1,2,2,1,615
conv2d_xnnpack,16,128,5,16,1,4,0,1,198
conv2d_xnnpack,16,128,5,16,1,4,1,1,207
conv2d_xnnpack,16,128,5,16,1,4,2,1,192
conv2d_xnnpack,16,128,5,16,16,1,0,1,6354
conv2d_xnnpack,16,128,5,16,16,1,1,1,6942
conv2d_xnnpack,16,128,5,16,16,1,2,1,7118
conv2d_xnnpack,16,128,5,16,16,2,0,1,1824
conv2d_xnnpack,16,128,5,16,16,2,1,1,1971
conv2d_xnnpack,16,128,5,16,16,2,2,1,1979
conv2d_xnnpack,16,128,5,16,16,4,0,1,466
conv2d_xnnpack,16,128,5,16,16,4,1,1,515
conv2d_xnnpack,16,128,5,16,16,4,2,1,492
conv2d_xnnpack,16,128,5,16,64,1,0,1,27006
conv2d_xnnpack,16,128,5,16,64,1,1,1,27182
conv2d_xnnpack,16,128,5,16,64,1,2,1,28562
conv2d_xnnpack,16,128,5,16,64,2,0,1,6382
conv2d_xnnpack,16,128,5,16,64,2,1,1,7404
conv2d_xnnpack,16,128,5,16,64,2,2,1,7324
conv2d_xnnpack,16,128,5,16,64,4,0,1,1891
conv2d_xnnpack,16,128,5,16,64,4,1,1,2012
conv2d_xnnpack,16,128,5,16,64,4,2,1,1957
conv2d_xnnpack,16,128,5,64,1,1,0,1,7924
conv2d_xnnpack,16,128,5,64,1,1,1,1,8163
conv2d_xnnpack,16,128,5,64,1,1,2,1,8436
conv2d_xnnpack,16,128,5,64,1,2,0,1,2053
conv2d_xnnpack,16,128,5,64,1,2,1,1,2112
conv2d_xnnpack,16,128,5,64,1,2,2,1,2214
conv2d_xnnpack,16,128,5,64,1,4,0,1,970
conv2d_xnnpack,16,128,5,64,1,4,1,1,1042
conv2d_xnnpack,16,128,5,64,1,4,2,1,1059
conv2d_xnnpack,16,128,5,64,16,1,0,1,23868
conv2d_xnnpack,16,128,5,64,16,1,1,1,24976
conv2d_xnnpack,16,128,5,64,16,1,2,1,26042
conv2d_xnnpack,16,128,5,64,16,2,0,1,6440
conv2d_xnnpack,16,128,5,64,16,2,1,1,6819
conv2d_xnnpack,16,128,5,64,16,2,2,1,6850
conv2d_xnnpack,16,128,5,64,16,4,0,1,1899
conv2d_xnnpack,16,128,5,64,16,4,1,1,2104
conv2d_xnnpack,16,128,5,64,16,4,2,1,2018
conv2d_xnnpack,16,128,5,64,64,1,0,1,95546
conv2d_xnnpack,16,128,5,64,64,1,1,1,98208
conv2d_xnnpack,16,128,5,64,64,1,2,1,101292
conv2d_xnnpack,16,128,5,64,64,2,0,1,24176
conv2d_xnnpack,16,128,5,64,64,2,1,1,25354
conv2d_xnnpack,16,128,5,64,64,2,2,1,26285
conv2d_xnnpack,16,128,5,64,64,4,0,1,6622
conv2d_xnnpack,16,128,5,64,64,4,1,1,7147
conv2d_xnnpack,16,128,5,64,64,4,2,1,7196
conv2d_xnnpack,32,32,1,1,1,1,0,1,35
conv2d_xnnpack,32,32,1,1,1,2,0,1,18
conv2d_xnnpack,32,32,1,1,1,4,0,1,11
conv2d_xnnpack,32,32,1,1,16,1,0,1,109
conv2d_xnnpack,32,32,1,1,16,2,0,1,40
conv2d_xnnpack,32,32,1,1,16,4,0,1,16
conv2d_xnnpack,32,32,1,1,64,1,0,1,393
conv2d_xnnpack,32,32,1,1,64,2,0,1,114
conv2d_xnnpack,32,32,1,1,64,4,0,1,28
conv2d_xnnpack,32,32,1,16,1,1,0,1,50
conv2d_xnnpack,32,32,1,16,1,2,0,1,27
conv2d_xnnpack,32,32,1,16,1,4,0,1,13
conv2d_xnnpack,32,32,1,16,16,1,0,1,157
conv2d_xnnpack,32,32,1,16,16,2,0,1,68
conv2d_xnnpack,32,32,1,16,16,4,0,1,24
conv2d_xnnpack,32,32,1,16,64,1,0,1,523
conv2d_xnnpack,32,32,1,16,64,2,0,1,141
conv2d_xnnpack,32,32,1,16,64,4,0,1,42
conv2d_xnnpack,32,32,1,64,1,1,0,1,104
conv2d_xnnpack,32,32,1,64,1,2,0,1,72
conv2d_xnnpack,32,32,1,64,1,4,0,1,30
conv2d_xnnpack,32,32,1,64,16,1,0,1,254
conv2d_xnnpack,32,32,1,64,16,2,0,1,115
conv2d_xnnpack,32,32,1,64,16,4,0,1,63
conv2d_xnnpack,32,32,1,64,64,1,0,1,923
conv2d_xnnpack,32,32,1,64,64,2,0,1,280
conv2d_xnnpack,32,32,1,64,64,4,0,1,95
conv2d_xnnpack,32,32,3,1,1,1,0,1,43
conv2d_xnnpack,32,32,3,1,1,1,1,1,42
conv2d_xnnpack,32,32,3,1,1,1,2,1,46
conv2d_xnnpack,32,32,3,1,1,2,0,1,20
conv2d_xnnpack,32,32,3,1,1,2,1,1,19
conv2d_xnnpack,32,32,3,1,1,2,2,1,21
conv2d_xnnpack,32,32,3,1,1,4,0,1,13
conv2d_xnnpack,32,32,3,1,1,4,1,1,12
conv2d_xnnpack,32,32,3,1,1,4,2,1,13
conv2d_xnnpack,32,32,3,1,16,1,0,1,135
conv2d_xnnpack,32,32,3,1,16,1,1,1,134
conv2d_xnnpack,32,32,3,1,16,1,2,1,160
conv2d_xnnpack,32,32,3,1,16,2,0,1,35
conv2d_xnnpack,32,32,3,1,16,2,1,1,44
conv2d_xnnpack,32,32,3,1,16,2,2,1,42
conv2d_xnnpack,32,32,3,1,16,4,0,1,17
conv2d_xnnpack,32,32,3,1,16,4,1,1,25
conv2d_xnnpack,32,32,3,1,16,4,2,1,19
conv2d_xnnpack,32,32,3,1,64,1,0,1,395
conv2d_xnnpack,32,32,3,1,64,1,1,1,482
conv2d_xnnpack,32,32,3,1,64,1,2,1,317
conv2d_xnnpack,32,32,3,1,64,2,0,1,133
conv2d_xnnpack,32,32,3,1,64,2,1,1,138
conv2d_xnnpack,32,32,3,1,64,2,2,1,177
conv2d_xnnpack,32,32,3,1,64,4,0,1,41
conv2d_xnnpack,32,32,3,1,64,4,1,1,37
conv2d_xnnpack,32,32,3,1,64,4,2,1,44
conv2d_xnnpack,32,32,3,16,1,1,0,1,136
conv2d_xnnpack,32,32,3,16,1,1,1,1,140
conv2d_xnnpack,32,32,3,16,1,1,2,1,159
conv2d_xnnpack,32,32,3,16,1,2,0,1,65
conv2d_xnnpack,32,32,3,16,1,2,1,1,61
conv2d_xnnpack,32,32,3,16,1,2,2,1,65
conv2d_xnnpack,32,32,3,16,1,4,0,1,25
conv2d_xnnpack,32,32,3,16,1,4,1,1,29
conv2d_xnnpack,32,32,3,16,1,4,2,1,30
conv2d_xnnpack,32,32,3,16,16,1,0,1,377
conv2d_xnnpack,32,32,3,16,16,1,1,1,430
conv2d_xnnpack,32,32,3,16,16,1,2,1,474
conv2d_xnnpack,32,32,3,16,16,2,0,1,106
conv2d_xnnpack,32,32,3,16,16,2,1,1,122
conv2d_xnnpack,32,32,3,16,16,2,2,1,129
conv2d_xnnpack,32,32,3,16,16,4,0,1,51
conv2d_xnnpack,32,32,3,16,16,4,1,1,58
conv2d_xnnpack,32,32,3,16,16,4,2,1,59
conv2d_xnnpack,32,32,3,16,64,1,0,1,1377
conv2d_xnnpack,32,32,3,16,64,1,1,1,1561
conv2d_xnnpack,32,32,3,16,64,1,2,1,1484
conv2d_xnnpack,32,32,3,16,64,2,0,1,382
conv2d_xnnpack,32,32,3,16,64,2,1,1,417
conv2d_xnnpack,32,32,3,16,64,2,2,1,483
conv2d_xnnpack,32,32,3,16,64,4,0,1,120
conv2d_xnnpack,32,32,3,16,64,4,1,1,131
conv2d_xnnpack,32,32,3,16,64,4,2,1,147
conv2d_xnnpack,32,32,3,64,1,1,0,1,395
conv2d_xnnpack,32,32,3,64,1,1,1,1,436
conv2d_xnnpack,32,32,3,64,1,1,2,1,483
conv2d_xnnpack,32,32,3,64,1,2,0,1,151
conv2d_xnnpack,32,32,3,64,1,2,1,1,155
conv2d_xnnpack,32,32,3,64,1,2,2,1,171
conv2d_xnnpack,32,32,3,64,1,4,0,1,112
conv2d_xnnpack,32,32,3,64,1,4,1,1,112
conv2d_xnnpack,32,32,3,64,1,4,2,1,114
conv2d_xnnpack,32,32,3,64,16,1,0,1,1204
conv2d_xnnpack,32,32,3,64,16,1,1,1,1311
conv2d_xnnpack,32,32,3,64,16,1,2,1,1475
conv2d_xnnpack,32,32,3,64,16,2,0,1,349
conv2d_xnnpack,32,32,3,64,16,2,1,1,383
conv2d_xnnpack,32,32,3,64,16,2,2,1,420
conv2d_xnnpack,32,32,3,64,16,4,0,1,168
conv2d_xnnpack,32,32,3,64,16,4,1,1,167
conv2d_xnnpack,32,32,3,64,16,4,2,1,176
conv2d_xnnpack,32,32,3,64,64,1,0,1,4490
conv2d_xnnpack,32,32,3,64,64,1,1,1,5128
conv2d_xnnpack,32,32,3,64,64,1,2,1,5499
conv2d_xnnpack,32,32,3,64,64,2,0,1,1213
conv2d_xnnpack,32,32,3,64,64,2,1,1,1352
conv2d_xnnpack,32,32,3,64,64,2,2,1,1531
conv2d_xnnpack,32,32,3,64,64,4,0,1,396
conv2d_xnnpack,32,32,3,64,64,4,1,1,385
conv2d_xnnpack,32,32,3,64,64,4,2,1,482
conv2d_xnnpack,32,32,5,1,1,1,0,1,70
conv2d_xnnpack,32,32,5,1,1,1,1,1,78
conv2d_xnnpack,32,32,5,1,1,1,2,1,82
conv2d_xnnpack,32,32,5,1,1,2,0,1,41
conv2d_xnnpack,32,32,5,1,1,2,1,1,43
conv2d_xnnpack,32,32,5,1,1,2,2,1,39
conv2d_xnnpack,32,32,5,1,1,4,0,1,20
conv2d_xnnpack,32,32,5,1,1,4,1,1,16
conv2d_xnnpack,32,32,5,1,1,4,2,1,22
conv2d_xnnpack,32,32,5,1,16,1,0,1,187
conv2d_xnnpack,32,32,5,1,16,1,1,1,183
conv2d_xnnpack,32,32,5,1,16,1,2,1,210
conv2d_xnnpack,32,32,5,1,16,2,0,1,60
conv2d_xnnpack,32,32,5,1,16,2,1,1,67
conv2d_xnnpack,32,32,5,1,16,2,2,1,79
conv2d_xnnpack,32,32,5,1,16,4,0,1,20
conv2d_xnnpack,32,32,5,1,16,4,1,1,22
conv2d_xnnpack,32,32,5,1,16,4,2,1,26
conv2d_xnnpack,32,32,5,1,64,1,0,1,571
conv2d_xnnpack,32,32,5,1,64,1,1,1,624
conv2d_xnnpack,32,32,5,1,64,1,2,1,710
conv2d_xnnpack,32,32,5,1,64,2,0,1,154
conv2d_xnnpack,32,32,5,1,64,2,1,1,211
conv2d_xnnpack,32,32,5,1,64,2,2,1,216
conv2d_xnnpack,32,32,5,1,64,4,0,1,56
conv2d_xnnpack,32,32,5,1,64,4,1,1,65
conv2d_xnnpack,32,32,5,1,64,4,2,1,73
conv2d_xnnpack,32,32,5,16,1,1,0,1,244
conv2d_xnnpack,32,32,5,16,1,1,1,1,265
conv2d_xnnpack,32,32,5,16,1,1,2,1,306
conv2d_xnnpack,32,32,5,16,1,2,0,1,89
conv2d_xnnpack,32,32,5,16,1,2,1,1,93
conv2d_xnnpack,32,32,5,16,1,2,2,1,106
conv2d_xnnpack,32,32,5,16,1,4,0,1,46
conv2d_xnnpack,32,32,5,16,1,4,1,1,44
conv2d_xnnpack,32,32,5,16,1,4,2,1,43
conv2d_xnnpack,32,32,5,16,16,1,0,1,753
conv2d_xnnpack,32,32,5,16,16,1,1,1,838
conv2d_xnnpack,32,32,5,16,16,1,2,1,957
conv2d_xnnpack,32,32,5,16,16,2,0,1,210
conv2d_xnnpack,32,32,5,16,16,2,1,1,231
conv2d_xnnpack,32,32,5,16,16,2,2,1,262
conv2d_xnnpack,32,32,5,16,16,4,0,1,82
conv2d_xnnpack,32,32,5,16,16,4,1,1,86
conv2d_xnnpack,32,32,5,16,16,4,2,1,95
conv2d_xnnpack,32,32,5,16,64,1,0,1,2853
conv2d_xnnpack,32,32,5,16,64,1,1,1,3258
conv2d_xnnpack,32,32,5,16,64,1,2,1,3692
conv2d_xnnpack,32,32,5,16,64,2,0,1,764
conv2d_xnnpack,32,32,5,16,64,2,1,1,855
conv2d_xnnpack,32,32,5,16,64,2,2,1,977
conv2d_xnnpack,32,32,5,16,64,4,0,1,226
conv2d_xnnpack,32,32,5,16,64,4,1,1,278
conv2d_xnnpack,32,32,5,16,64,4,2,1,281
conv2d_xnnpack,32,32,5,64,1,1,0,1,869
conv2d_xnnpack,32,32,5,64,1,1,1,1,985
conv2d_xnnpack,32,32,5,64,1,1,2,1,1096
conv2d_xnnpack,32,32,5,64,1,2,0,1,281
conv2d_xnnpack,32,32,5,64,1,2,1,1,312
conv2d_xnnpack,32,32,5,64,1,2,2,1,338
conv2d_xnnpack,32,32,5,64,1,4,0,1,133
conv2d_xnnpack,32,32,5,64,1,4,1,1,140
conv2d_xnnpack,32,32,5,64,1,4,2,1,147
conv2d_xnnpack,32,32,5,64,16,1,0,1,2676
conv2d_xnnpack,32,32,5,64,16,1,1,1,3066
conv2d_xnnpack,32,32,5,64,16,1,2,1,3440
conv2d_xnnpack,32,32,5,64,16,2,0,1,723
conv2d_xnnpack,32,32,5,64,16,2,1,1,846
conv2d_xnnpack,32,32,5,64,16,2,2,1,932
conv2d_xnnpack,32,32,5,64,16,4,0,1,235
conv2d_xnnpack,32,32,5,64,16,4,1,1,270
conv2d_xnnpack,32,32,5,64,16,4,2,1,275
conv2d_xnnpack,32,32,5,64,64,1,0,1,10367
conv2d_xnnpack,32,32,5,64,64,1,1,1,11840
conv2d_xnnpack,32,32,5,64,64,1,2,1,13091
conv2d_xnnpack,32,32,5,64,64,2,0,1,2675
conv2d_xnnpack,32,32,5,64,64,2,1,1,3097
conv2d_xnnpack,32,32,5,64,64,2,2,1,3492
conv2d_xnnpack,32,32,5,64,64,4,0,1,791
conv2d_xnnpack,32,32,5,64,64,4,1,1,931
conv2d_xnnpack,32,32,5,64,64,4,2,1,950
conv2d_xnnpack,32,64,1,1,1,1,0,1,81
conv2d_xnnpack,32,64,1,1,1,2,0,1,39
conv2d_xnnpack,32,64,1,1,1,4,0,1,21
conv2d_xnnpack,32,64,1,1,16,1,0,1,422
conv2d_xnnpack,32,64,1,1,16,2,0,1,127
conv2d_xnnpack,32,64,1,1,16,4,0,1,26
conv2d_xnnpack,32,64,1,1,64,1,0,1,1662
conv2d_xnnpack,32,64,1,1,64,2,0,1,364
conv2d_xnnpack,32,64,1,1,64,4,0,1,125
conv2d_xnnpack,32,64,1,16,1,1,0,1,118
conv2d_xnnpack,32,64,1,16,1,2,0,1,96
conv2d_xnnpack,32,64,1,16,1,4,0,1,39
conv2d_xnnpack,32,64,1,16,16,1,0,1,506
conv2d_xnnpack,32,64,1,16,16,2,0,1,220
conv2d_xnnpack,32,64,1,16,16,4,0,1,134
conv2d_xnnpack,32,64,1,16,64,1,0,1,1826
conv2d_xnnpack,32,64,1,16,64,2,0,1,553
conv2d_xnnpack,32,64,1,16,64,4,0,1,174
conv2d_xnnpack,32,64,1,64,1,1,0,1,327
conv2d_xnnpack,32,64,1,64,1,2,0,1,184
conv2d_xnnpack,32,64,1,64,1,4,0,1,88
conv2d_xnnpack,32,64,1,64,16,1,0,1,856
conv2d_xnnpack,32,64,1,64,16,2,0,1,318
conv2d_xnnpack,32,64,1,64,16,4,0,1,112
conv2d_xnnpack,32,64,1,64,64,1,0,1,3202
conv2d_xnnpack,32,64,1,64,64,2,0,1,908
conv2d_xnnpack,32,64,1,64,64,4,0,1,265
conv2d_xnnpack,32,64,3,1,1,1,0,1,109
conv2d_xnnpack,32,64,3,1,1,1,1,1,108
conv2d_xnnpack,32,64,3,1,1,1,2,1,133
conv2d_xnnpack,32,64,3,1,1,2,0,1,48
conv2d_xnnpack,32,64,3,1,1,2,1,1,44
conv2d_xnnpack,32,64,3,1,1,2,2,1,40
conv2d_xnnpack,32,64,3,1,1,4,0,1,30
conv2d_xnnpack,32,64,3,1,1,4,1,1,29
conv2d_xnnpack,32,64,3,1,1,4,2,1,24
conv2d_xnnpack,32,64,3,1,16,1,0,1,443
conv2d_xnnpack,32,64,3,1,16,1,1,1,486
conv2d_xnnpack,32,64,3,1,16,1,2,1,274
conv2d_xnnpack,32,64,3,1,16,2,0,1,150
conv2d_xnnpack,32,64,3,1,16,2,1,1,140
conv2d_xnnpack,32,64,3,1,16,2,2,1,169
conv2d_xnnpack,32,64,3,1,16,4,0,1,38
conv2d_xnnpack,32,64,3,1,16,4,1,1,37
conv2d_xnnpack,32,64,3,1,16,4,2,1,47
conv2d_xnnpack,32,64,3,1,64,1,0,1,1752
conv2d_xnnpack,32,64,3,1,64,1,1,1,1798
conv2d_xnnpack,32,64,3,1,64,1,2,1,1924
conv2d_xnnpack,32,64,3,1,64,2,0,1,423
conv2d_xnnpack,32,64,3,1,64,2,1,1,457
conv2d_xnnpack,32,64,3,1,64,2,2,1,289
conv2d_xnnpack,32,64,3,1,64,4,0,1,144
conv2d_xnnpack,32,64,3,1,64,4,1,1,152
conv2d_xnnpack,32,64,3,1,64,4,2,1,154
conv2d_xnnpack,32,64,3,16,1,1,0,1,438
conv2d_xnnpack,32,64,3,16,1,1,1,1,433
conv2d_xnnpack,32,64,3,16,1,1,2,1,470
conv2d_xnnpack,32,64,3,16,1,2,0,1,147
conv2d_xnnpack,32,64,3,16,1,2,1,1,151
conv2d_xnnpack,32,64,3,16,1,2,2,1,156
conv2d_xnnpack,32,64,3,16,1,4,0,1,105
conv2d_xnnpack,32,64,3,16,1,4,1,1,98
conv2d_xnnpack,32,64,3,16,1,4,2,1,101
conv2d_xnnpack,32,64,3,16,16,1,0,1,1469
conv2d_xnnpack,32,64,3,16,16,1,1,1,1556
conv2d_xnnpack,32,64,3,16,16,1,2,1,1375
conv2d_xnnpack,32,64,3,16,16,2,0,1,388
conv2d_xnnpack,32,64,3,16,16,2,1,1,434
conv2d_xnnpack,32,64,3,16,16,2,2,1,440
conv2d_xnnpack,32,64,3,16,16,4,0,1,167
conv2d_xnnpack,32,64,3,16,16,4,1,1,156
conv2d_xnnpack,32,64,3,16,16,4,2,1,197
conv2d_xnnpack,32,64,3,16,64,1,0,1,5461
conv2d_xnnpack,32,64,3,16,64,1,1,1,6123
conv2d_xnnpack,32,64,3,16,64,1,2,1,6253
conv2d_xnnpack,32,64,3,16,64,2,0,1,1473
conv2d_xnnpack,32,64,3,16,64,2,1,1,1574
conv2d_xnnpack,32,64,3,16,64,2,2,1,1394
conv2d_xnnpack,32,64,3,16,64,4,0,1,451
conv2d_xnnpack,32,64,3,16,64,4,1,1,513
conv2d_xnnpack,32,64,3,16,64,4,2,1,511
conv2d_xnnpack,32,64,3,64,1,1,0,1,1445
conv2d_xnnpack,32,64,3,64,1,1,1,1,1531
conv2d_xnnpack,32,64,3,64,1,1,2,1,1625
conv2d_xnnpack,32,64,3,64,1,2,0,1,493
conv2d_xnnpack,32,64,3,64,1,2,1,1,533
conv2d_xnnpack,32,64,3,64,1,2,2,1,518
conv2d_xnnpack,32,64,3,64,1,4,0,1,322
conv2d_xnnpack,32,64,3,64,1,4,1,1,330
conv2d_xnnpack,32,64,3,64,1,4,2,1,338
conv2d_xnnpack,32,64,3,64,16,1,0,1,4721
conv2d_xnnpack,32,64,3,64,16,1,1,1,5047
conv2d_xnnpack,32,64,3,64,16,1,2,1,5131
conv2d_xnnpack,32,64,3,64,16,2,0,1,1366
conv2d_xnnpack,32,64,3,64,16,2,1,1,1413
conv2d_xnnpack,32,64,3,64,16,2,2,1,1497
conv2d_xnnpack,32,64,3,64,16,4,0,1,487
conv2d_xnnpack,32,64,3,64,16,4,1,1,500
conv2d_xnnpack,32,64,3,64,16,4,2,1,571
conv2d_xnnpack,32,64,3,64,64,1,0,1,18078
conv2d_xnnpack,32,64,3,64,64,1,1,1,19607
conv2d_xnnpack,32,64,3,64,64,1,2,1,20540
conv2d_xnnpack,32,64,3,64,64,2,0,1,4939
conv2d_xnnpack,32,64,3,64,64,2,1,1,5142
conv2d_xnnpack,32,64,3,64,64,2,2,1,5160
conv2d_xnnpack,32,64,3,64,64,4,0,1,1413
conv2d_xnnpack,32,64,3,64,64,4,1,1,1423
conv2d_xnnpack,32,64,3,64,64,4,2,1,1595
conv2d_xnnpack,32,64,5,1,1,1,0,1,227
conv2d_xnnpack,32,64,5,1,1,1,1,1,262
conv2d_xnnpack,32,64,5,1,1,1,2,1,259
conv2d_xnnpack,32,64,5,1,1,2,0,1,75
conv2d_xnnpack,32,64,5,1,1,2,1,1,79
conv2d_xnnpack,32,64,5,1,1,2,2,1,90
conv2d_xnnpack,32,64,5,1,1,4,0,1,48
conv2d_xnnpack,32,64,5,1,1,4,1,1,47
conv2d_xnnpack,32,64,5,1,1,4,2,1,45
conv2d_xnnpack,32,64,5,1,16,1,0,1,648
conv2d_xnnpack,32,64,5,1,16,1,1,1,718
conv2d_xnnpack,32,64,5,1,16,1,2,1,762
conv2d_xnnpack,32,64,5,1,16,2,0,1,181
conv2d_xnnpack,32,64,5,1,16,2,1,1,210
conv2d_xnnpack,32,64,5,1,16,2,2,1,210
conv2d_xnnpack,32,64,5,1,16,4,0,1,60
conv2d_xnnpack,32,64,5,1,16,4,1,1,74
conv2d_xnnpack,32,64,5,1,16,4,2,1,58
conv2d_xnnpack,32,64,5,1,64,1,0,1,2477
conv2d_xnnpack,32,64,5,1,64,1,1,1,2595
conv2d_xnnpack,32,64,5,1,64,1,2,1,2921
conv2d_xnnpack,32,64,5,1,64,2,0,1,620
conv2d_xnnpack,32,64,5,1,64,2,1,1,725
conv2d_xnnpack,32,64,5,1,64,2,2,1,785
conv2d_xnnpack,32,64,5,1,64,4,0,1,193
conv2d_xnnpack,32,64,5,1,64,4,1,1,211
conv2d_xnnpack,32,64,5,1,64,4,2,1,241
conv2d_xnnpack,32,64,5,16,1,1,0,1,1097
conv2d_xnnpack,32,64,5,16,1,1,1,1,1069
conv2d_xnnpack,32,64,5,16,1,1,2,1,1119
conv2d_xnnpack,32,64,5,16,1,2,0,1,288
conv2d_xnnpack,32,64,5,16,1,2,1,1,316
conv2d_xnnpack,32,64,5,16,1,2,2,1,352
conv2d_xnnpack,32,64,5,16,1,4,0,1,138
conv2d_xnnpack,32,64,5,16,1,4,1,1,167
conv2d_xnnpack,32,64,5,16,1,4,2,1,140
conv2d_xnnpack,32,64,5,16,16,1,0,1,3250
conv2d_xnnpack,32,64,5,16,16,1,1,1,3536
conv2d_xnnpack,32,64,5,16,16,1,2,1,3701
conv2d_xnnpack,32,64,5,16,16,2,0,1,868
conv2d_xnnpack,32,64,5,16,16,2,1,1,927
conv2d_xnnpack,32,64,5,16,16,2,2,1,959
conv2d_xnnpack,32,64,5,16,16,4,0,1,253
conv2d_xnnpack,32,64,5,16,16,4,1,1,285
conv2d_xnnpack,32,64,5,16,16,4,2,1,285
conv2d_xnnpack,32,64,5,16,64,1,0,1,12400
conv2d_xnnpack,32,64,5,16,64,1,1,1,13316
conv2d_xnnpack,32,64,5,16,64,1,2,1,13843
conv2d_xnnpack,32,64,5,16,64,2,0,1,3343
conv2d_xnnpack,32,64,5,16,64,2,1,1,3659
conv2d_xnnpack,32,64,5,16,64,2,2,1,3754
conv2d_xnnpack,32,64,5,16,64,4,0,1,900
conv2d_xnnpack,32,64,5,16,64,4,1,1,1001
conv2d_xnnpack,32,64,5,16,64,4,2,1,999
conv2d_xnnpack,32,64,5,64,1,1,0,1,3709
conv2d_xnnpack,32,64,5,64,1,1,1,1,3982
conv2d_xnnpack,32,64,5,64,1,1,2,1,4203
conv2d_xnnpack,32,64,5,64,1,2,0,1,1007
conv2d_xnnpack,32,64,5,64,1,2,1,1,1052
conv2d_xnnpack,32,64,5,64,1,2,2,1,1144
conv2d_xnnpack,32,64,5,64,1,4,0,1,489
conv2d_xnnpack,32,64,5,64,1,4,1,1,544
conv2d_xnnpack,32,64,5,64,1,4,2,1,536
conv2d_xnnpack,32,64,5,64,16,1,0,1,11844
conv2d_xnnpack,32,64,5,64,16,1,1,1,12371
conv2d_xnnpack,32,64,5,64,16,1,2,1,13422
conv2d_xnnpack,32,64,5,64,16,2,0,1,3103
conv2d_xnnpack,32,64,5,64,16,2,1,1,3342
conv2d_xnnpack,32,64,5,64,16,2,2,1,3507
conv2d_xnnpack,32,64,5,64,16,4,0,1,989
conv2d_xnnpack,32,64,5,64,16,4,1,1,1108
conv2d_xnnpack,32,64,5,64,16,4,2,1,1095
conv2d_xnnpack,32,64,5,64,64,1,0,1,45255
conv2d_xnnpack,32,64,5,64,64,1,1,1,48123
conv2d_xnnpack,32,64,5,64,64,1,2,1,51528
conv2d_xnnpack,32,64,5,64,64,2,0,1,11862
conv2d_xnnpack,32,64,5,64,64,2,1,1,13070
conv2d_xnnpack,32,64,5,64,64,2,2,1,13476
conv2d_xnnpack,32,64,5,64,64,4,0,1,3177
conv2d_xnnpack,32,64,5,64,64,4,1,1,3535
conv2d_xnnpack,32,64,5,64,64,4,2,1,3649
conv2d_xnnpack,32,128,1,1,1,1,0,1,274
conv2d_xnnpack,32,128,1,1,1,2,0,1,85
conv2d_xnnpack,32,128,1,1,1,4,0,1,40
conv2d_xnnpack,32,128,1,1,16,1,0,1,1537
conv2d_xnnpack,32,128,1,1,16,2,0,1,399
conv2d_xnnpack,32,128,1,1,16,4,0,1,129
conv2d_xnnpack,32,128,1,1,64,1,0,1,6268
conv2d_xnnpack,32,128,1,1,64,2,0,1,1472
conv2d_xnnpack,32,128,1,1,64,4,0,1,398
conv2d_xnnpack,32,128,1,16,1,1,0,1,426
conv2d_xnnpack,32,128,1,16,1,2,0,1,271
conv2d_xnnpack,32,128,1,16,1,4,0,1,100
conv2d_xnnpack,32,128,1,16,16,1,0,1,1814
conv2d_xnnpack,32,128,1,16,16,2,0,1,703
conv2d_xnnpack,32,128,1,16,16,4,0,1,201
conv2d_xnnpack,32,128,1,16,64,1,0,1,6629
conv2d_xnnpack,32,128,1,16,64,2,0,1,1964
conv2d_xnnpack,32,128,1,16,64,4,0,1,505
conv2d_xnnpack,32,128,1,64,1,1,0,1,1270
conv2d_xnnpack,32,128,1,64,1,2,0,1,741
conv2d_xnnpack,32,128,1,64,1,4,0,1,262
conv2d_xnnpack,32,128,1,64,16,1,0,1,3355
conv2d_xnnpack,32,128,1,64,16,2,0,1,1171
conv2d_xnnpack,32,128,1,64,16,4,0,1,359
conv2d_xnnpack,32,128,1,64,64,1,0,1,12208
conv2d_xnnpack,32,128,1,64,64,2,0,1,3356
conv2d_xnnpack,32,128,1,64,64,4,0,1,915
conv2d_xnnpack,32,128,3,1,1,1,0,1,401
conv2d_xnnpack,32,128,3,1,1,1,1,1,380
conv2d_xnnpack,32,128,3,1,1,1,2,1,422
conv2d_xnnpack,32,128,3,1,1,2,0,1,115
conv2d_xnnpack,32,128,3,1,1,2,1,1,117
conv2d_xnnpack,32,128,3,1,1,2,2,1,121
conv2d_xnnpack,32,128,3,1,1,4,0,1,48
conv2d_xnnpack,32,128,3,1,1,4,1,1,61
conv2d_xnnpack,32,128,3,1,1,4,2,1,60
conv2d_xnnpack,32,128,3,1,16,1,0,1,1931
conv2d_xnnpack,32,128,3,1,16,1,1,1,1876
conv2d_xnnpack,32,128,3,1,16,1,2,1,1824
conv2d_xnnpack,32,128,3,1,16,2,0,1,471
conv2d_xnnpack,32,128,3,1,16,2,1,1,487
conv2d_xnnpack,32,128,3,1,16,2,2,1,245
conv2d_xnnpack,32,128,3,1,16,4,0,1,143
conv2d_xnnpack,32,128,3,1,16,4,1,1,153
conv2d_xnnpack,32,128,3,1,16,4,2,1,165
conv2d_xnnpack,32,128,3,1,64,1,0,1,6473
conv2d_xnnpack,32,128,3,1,64,1,1,1,6765
conv2d_xnnpack,32,128,3,1,64,1,2,1,9219
conv2d_xnnpack,32,128,3,1,64,2,0,1,1737
conv2d_xnnpack,32,128,3,1,64,2,1,1,1799
conv2d_xnnpack,32,128,3,1,64,2,2,1,1804
conv2d_xnnpack,32,128,3,1,64,4,0,1,469
conv2d_xnnpack,32,128,3,1,64,4,1,1,1273
conv2d_xnnpack,32,128,3,1,64,4,2,1,440
conv2d_xnnpack,32,128,3,16,1,1,0,1,1585
conv2d_xnnpack,32,128,3,16,1,1,1,1,1584
conv2d_xnnpack,32,128,3,16,1,1,2,1,1675
conv2d_xnnpack,32,128,3,16,1,2,0,1,431
conv2d_xnnpack,32,128,3,16,1,2,1,1,455
conv2d_xnnpack,32,128,3,16,1,2,2,1,461
conv2d_xnnpack,32,128,3,16,1,4,0,1,302
conv2d_xnnpack,32,128,3,16,1,4,1,1,288
conv2d_xnnpack,32,128,3,16,1,4,2,1,329
conv2d_xnnpack,32,128,3,16,16,1,0,1,5700
conv2d_xnnpack,32,128,3,16,16,1,1,1,5734
conv2d_xnnpack,32,128,3,16,16,1,2,1,6088
conv2d_xnnpack,32,128,3,16,16,2,0,1,1519
conv2d_xnnpack,32,128,3,16,16,2,1,1,1572
conv2d_xnnpack,32,128,3,16,16,2,2,1,1339
conv2d_xnnpack,32,128,3,16,16,4,0,1,623
conv2d_xnnpack,32,128,3,16,16,4,1,1,555
conv2d_xnnpack,32,128,3,16,16,4,2,1,581
conv2d_xnnpack,32,128,3,16,64,1,0,1,22454
conv2d_xnnpack,32,128,3,16,64,1,1,1,23043
conv2d_xnnpack,32,128,3,16,64,1,2,1,26368
conv2d_xnnpack,32,128,3,16,64,2,0,1,5819
conv2d_xnnpack,32,128,3,16,64,2,1,1,6239
conv2d_xnnpack,32,128,3,16,64,2,2,1,6261
conv2d_xnnpack,32,128,3,16,64,4,0,1,1775
conv2d_xnnpack,32,128,3,16,64,4,1,1,1695
conv2d_xnnpack,32,128,3,16,64,4,2,1,1527
conv2d_xnnpack,32,128,3,64,1,1,0,1,5878
conv2d_xnnpack,32,128,3,64,1,1,1,1,6057
conv2d_xnnpack,32,128,3,64,1,1,2,1,6258
conv2d_xnnpack,32,128,3,64,1,2,0,1,1675
conv2d_xnnpack,32,128,3,64,1,2,1,1,1759
conv2d_xnnpack,32,128,3,64,1,2,2,1,1732
conv2d_xnnpack,32,128,3,64,1,4,0,1,1357
conv2d_xnnpack,32,128,3,64,1,4,1,1,1409
conv2d_xnnpack,32,128,3,64,1,4,2,1,1371
conv2d_xnnpack,32,128,3,64,16,1,0,1,18741
conv2d_xnnpack,32,128,3,64,16,1,1,1,19724
conv2d_xnnpack,32,128,3,64,16,1,2,1,19781
conv2d_xnnpack,32,128,3,64,16,2,0,1,5174
conv2d_xnnpack,32,128,3,64,16,2,1,1,5471
conv2d_xnnpack,32,128,3,64,16,2,2,1,5139
conv2d_xnnpack,32,128,3,64,16,4,0,1,1852
conv2d_xnnpack,32,128,3,64,16,4,1,1,1887
conv2d_xnnpack,32,128,3,64,16,4,2,1,1997
conv2d_xnnpack,32,128,3,64,64,1,0,1,73666
conv2d_xnnpack,32,128,3,64,64,1,1,1,76513
conv2d_xnnpack,32,128,3,64,64,1,2,1,81142
conv2d_xnnpack,32,128,3,64,64,2,0,1,18828
conv2d_xnnpack,32,128,3,64,64,2,1,1,19669
conv2d_xnnpack,32,128,3,64,64,2,2,1,20843
conv2d_xnnpack,32,128,3,64,64,4,0,1,5262
conv2d_xnnpack,32,128,3,64,64,4,1,1,5461
conv2d_xnnpack,32,128,3,64,64,4,2,1,5526
conv2d_xnnpack,32,128,5,1,1,1,0,1,949
conv2d_xnnpack,32,128,5,1,1,1,1,1,972
conv2d_xnnpack,32,128,5,1,1,1,2,1,997
conv2d_xnnpack,32,128,5,1,1,2,0,1,237
conv2d_xnnpack,32,128,5,1,1,2,1,1,277
conv2d_xnnpack,32,128,5,1,1,2,2,1,286
conv2d_xnnpack,32,128,5,1,1,4,0,1,85
conv2d_xnnpack,32,128,5,1,1,4,1,1,95
conv2d_xnnpack,32,128,5,1,1,4,2,1,105
conv2d_xnnpack,32,128,5,1,16,1,0,1,2652
conv2d_xnnpack,32,128,5,1,16,1,1,1,2655
conv2d_xnnpack,32,128,5,1,16,1,2,1,2699
conv2d_xnnpack,32,128,5,1,16,2,0,1,715
conv2d_xnnpack,32,128,5,1,16,2,1,1,747
conv2d_xnnpack,32,128,5,1,16,2,2,1,745
conv2d_xnnpack,32,128,5,1,16,4,0,1,208
conv2d_xnnpack,32,128,5,1,16,4,1,1,206
conv2d_xnnpack,32,128,5,1,16,4,2,1,212
conv2d_xnnpack,32,128,5,1,64,1,0,1,9568
conv2d_xnnpack,32,128,5,1,64,1,1,1,10121
conv2d_xnnpack,32,128,5,1,64,1,2,1,10273
conv2d_xnnpack,32,128,5,1,64,2,0,1,2678
conv2d_xnnpack,32,128,5,1,64,2,1,1,2634
conv2d_xnnpack,32,128,5,1,64,2,2,1,2792
conv2d_xnnpack,32,128,5,1,64,4,0,1,707
conv2d_xnnpack,32,128,5,1,64,4,1,1,750
conv2d_xnnpack,32,128,5,1,64,4,2,1,730
conv2d_xnnpack,32,128,5,16,1,1,0,1,4038
conv2d_xnnpack,32,128,5,16,1,1,1,1,4170
conv2d_xnnpack,32,128,5,16,1,1,2,1,4374
conv2d_xnnpack,32,128,5,16,1,2,0,1,1215
conv2d_xnnpack,32,128,5,16,1,2,1,1,1220
conv2d_xnnpack,32,128,5,16,1,2,2,1,1395
conv2d_xnnpack,32,128,5,16,1,4,0,1,576
conv2d_xnnpack,32,128,5,16,1,4,1,1,527
conv2d_xnnpack,32,128,5,16,1,4,2,1,512
conv2d_xnnpack,32,128,5,16,16,1,0,1,14257
conv2d_xnnpack,32,128,5,16,16,1,1,1,14875
conv2d_xnnpack,32,128,5,16,16,1,2,1,15454
conv2d_xnnpack,32,128,5,16,16,2,0,1,3925
conv2d_xnnpack,32,128,5,16,16,2,1,1,3733
conv2d_xnnpack,32,128,5,16,16,2,2,1,3762
conv2d_xnnpack,32,128,5,16,16,4,0,1,1130
conv2d_xnnpack,32,128,5,16,16,4,1,1,1201
conv2d_xnnpack,32,128,5,16,16,4,2,1,1177
conv2d_xnnpack,32,128,5,16,64,1,0,1,52096
conv2d_xnnpack,32,128,5,16,64,1,1,1,55323
conv2d_xnnpack,32,128,5,16,64,1,2,1,55363
conv2d_xnnpack,32,128,5,16,64,2,0,1,13408
conv2d_xnnpack,32,128,5,16,64,2,1,1,13959
conv2d_xnnpack,32,128,5,16,64,2,2,1,14394
conv2d_xnnpack,32,128,5,16,64,4,0,1,3768
conv2d_xnnpack,32,128,5,16,64,4,1,1,3928
conv2d_xnnpack,32,128,5,16,64,4,2,1,3975
conv2d_xnnpack,32,128,5,64,1,1,0,1,15600
conv2d_xnnpack,32,128,5,64,1,1,1,1,16232
conv2d_xnnpack,32,128,5,64,1,1,2,1,16653
conv2d_xnnpack,32,128,5,64,1,2,0,1,4056
conv2d_xnnpack,32,128,5,64,1,2,1,1,4207
conv2d_xnnpack,32,128,5,64,1,2,2,1,4294
conv2d_xnnpack,32,128,5,64,1,4,0,1,1857
conv2d_xnnpack,32,128,5,64,1,4,1,1,1955
conv2d_xnnpack,32,128,5,64,1,4,2,1,1977
conv2d_xnnpack,32,128,5,64,16,1,0,1,48050
conv2d_xnnpack,32,128,5,64,16,1,1,1,49744
conv2d_xnnpack,32,128,5,64,16,1,2,1,51217
conv2d_xnnpack,32,128,5,64,16,2,0,1,12825
conv2d_xnnpack,32,128,5,64,16,2,1,1,13299
conv2d_xnnpack,32,128,5,64,16,2,2,1,13861
conv2d_xnnpack,32,128,5,64,16,4,0,1,3792
conv2d_xnnpack,32,128,5,64,16,4,1,1,4063
conv2d_xnnpack,32,128,5,64,16,4,2,1,4070
conv2d_xnnpack,32,128,5,64,64,1,0,1,190122
conv2d_xnnpack,32,128,5,64,64,1,1,1,195735
conv2d_xnnpack,32,128,5,64,64,1,2,1,203002
conv2d_xnnpack,32,128,5,64,64,2,0,1,48277
conv2d_xnnpack,32,128,5,64,64,2,1,1,50305
conv2d_xnnpack,32,128,5,64,64,2,2,1,51434
conv2d_xnnpack,32,128,5,64,64,4,0,1,13033
conv2d_xnnpack,32,128,5,64,64,4,1,1,13691
conv2d_xnnpack,32,128,5,64,64,4,2,1,14003
